Order_ID,Order_Date,Category,Sub_Category,Region,City,Quantity,Discount,Sales,Profit
ORD-0001,2025-03-13,Furniture,Chairs,East,Patna,5,0.1,1377.07,169.48
ORD-0002,2025-05-30,Technology,Printers,West,Ahmedabad,5,0.05,2065.62,382.64
ORD-0003,2025-06-10,Office Supplies,Binders,West,Mumbai,6,0.15,120.0,23.16
ORD-0004,2025-02-20,Technology,Laptops,East,Bhubaneswar,7,0.15,3815.29,489.16
ORD-0005,2025-11-25,Technology,Accessories,East,Kolkata,7,0.05,915.54,72.42
ORD-0006,2025-09-21,Office Supplies,Storage,West,Ahmedabad,3,0.3,501.05,20.78
ORD-0007,2025-02-23,Technology,Printers,South,Bengaluru,4,0.3,1937.74,16.12
ORD-0008,2025-12-04,Technology,Printers,North,Delhi,5,0.05,2944.39,667.18
ORD-0009,2025-01-15,Furniture,Chairs,North,Delhi,1,0.0,295.43,33.61
ORD-0010,2025-06-12,Technology,Accessories,East,Kolkata,3,0.0,1219.92,223.26
ORD-0011,2025-07-20,Office Supplies,Binders,North,Jaipur,8,0.3,658.83,19.95
ORD-0012,2025-02-04,Office Supplies,Labels,South,Chennai,1,0.1,115.3,7.53
ORD-0013,2025-09-12,Office Supplies,Paper,North,Chandigarh,7,0.1,795.74,40.06
ORD-0014,2025-08-19,Furniture,Furnishings,North,Chandigarh,4,0.2,794.47,18.34
ORD-0015,2025-06-19,Technology,Laptops,West,Pune,9,0.15,3900.8,230.99
ORD-0016,2025-12-14,Office Supplies,Storage,West,Pune,9,0.3,718.88,-4.52
ORD-0017,2025-08-21,Technology,Laptops,North,Delhi,3,0.0,1352.42,219.66
ORD-0018,2025-11-11,Office Supplies,Binders,West,Ahmedabad,6,0.0,660.88,98.24
ORD-0019,2025-10-22,Technology,Laptops,West,Pune,2,0.0,661.13,82.87
ORD-0020,2025-08-12,Office Supplies,Labels,South,Chennai,1,0.0,139.21,16.81
ORD-0021,2025-09-04,Technology,Printers,South,Bengaluru,4,0.0,1664.98,339.32
ORD-0022,2025-08-28,Furniture,Furnishings,South,Bengaluru,1,0.0,227.63,30.62
ORD-0023,2025-12-12,Technology,Phones,East,Patna,3,0.15,1096.66,205.5
ORD-0024,2025-09-24,Furniture,Bookcases,South,Hyderabad,9,0.0,3736.22,431.69
ORD-0025,2025-09-09,Furniture,Tables,East,Patna,9,0.0,1083.55,103.83
ORD-0026,2025-01-09,Office Supplies,Paper,West,Ahmedabad,9,0.1,1124.97,184.56
ORD-0027,2025-04-30,Office Supplies,Labels,West,Pune,1,0.15,91.44,16.48
ORD-0028,2025-04-09,Furniture,Bookcases,West,Pune,9,0.2,2919.48,170.11
ORD-0029,2025-07-27,Technology,Laptops,South,Chennai,9,0.1,2164.62,339.4
ORD-0030,2025-01-22,Furniture,Furnishings,East,Patna,6,0.3,1784.07,74.62
ORD-0031,2025-10-04,Office Supplies,Storage,East,Bhubaneswar,1,0.2,108.88,5.35
ORD-0032,2025-01-17,Furniture,Furnishings,East,Kolkata,5,0.3,2928.09,111.05
ORD-0033,2025-10-29,Technology,Printers,North,Delhi,5,0.15,2514.91,195.05
ORD-0034,2025-05-08,Furniture,Bookcases,North,Jaipur,2,0.0,610.63,89.82
ORD-0035,2025-10-07,Office Supplies,Storage,West,Pune,2,0.05,244.89,28.73
ORD-0036,2025-06-25,Office Supplies,Paper,East,Bhubaneswar,7,0.2,503.97,30.44
ORD-0037,2025-11-12,Furniture,Tables,North,Delhi,7,0.0,3156.46,290.58
ORD-0038,2025-05-23,Furniture,Tables,West,Ahmedabad,2,0.05,601.53,82.43
ORD-0039,2025-03-04,Office Supplies,Storage,North,Chandigarh,6,0.15,615.54,20.99
ORD-0040,2025-09-21,Technology,Accessories,West,Mumbai,5,0.15,2313.16,148.48
ORD-0041,2025-12-16,Furniture,Furnishings,South,Hyderabad,3,0.2,1329.48,232.42
ORD-0042,2025-10-02,Office Supplies,Storage,North,Jaipur,7,0.05,1083.66,72.4
ORD-0043,2025-05-09,Office Supplies,Storage,East,Kolkata,1,0.3,54.95,5.3
ORD-0044,2025-07-11,Office Supplies,Paper,North,Delhi,5,0.3,527.94,52.32
ORD-0045,2025-03-27,Technology,Laptops,West,Ahmedabad,9,0.0,3086.09,410.27
ORD-0046,2025-12-07,Office Supplies,Paper,West,Pune,7,0.15,762.56,43.42
ORD-0047,2025-09-03,Furniture,Bookcases,South,Bengaluru,5,0.05,1329.69,224.58
ORD-0048,2025-01-04,Furniture,Chairs,West,Mumbai,8,0.05,2840.67,190.34
ORD-0049,2025-06-12,Furniture,Bookcases,West,Pune,1,0.2,523.97,61.0
ORD-0050,2025-02-13,Office Supplies,Labels,South,Chennai,2,0.2,76.02,1.98
ORD-0051,2025-03-31,Office Supplies,Paper,South,Hyderabad,2,0.05,237.61,42.99
ORD-0052,2025-10-04,Furniture,Chairs,West,Mumbai,9,0.15,1077.98,62.16
ORD-0053,2025-04-09,Office Supplies,Labels,East,Kolkata,4,0.3,694.65,48.98
ORD-0054,2025-08-05,Technology,Accessories,North,Jaipur,3,0.0,1070.48,154.38
ORD-0055,2025-12-08,Furniture,Furnishings,West,Mumbai,3,0.15,1002.11,125.25
ORD-0056,2025-01-25,Furniture,Chairs,North,Jaipur,4,0.1,1145.34,92.96
ORD-0057,2025-04-19,Office Supplies,Labels,North,Jaipur,5,0.05,453.18,62.34
ORD-0058,2025-08-27,Office Supplies,Storage,East,Bhubaneswar,9,0.05,1076.67,220.48
ORD-0059,2025-05-21,Office Supplies,Binders,East,Bhubaneswar,8,0.2,801.73,39.8
ORD-0060,2025-05-25,Furniture,Chairs,North,Chandigarh,7,0.0,2270.56,410.11
ORD-0061,2025-12-30,Furniture,Furnishings,East,Patna,6,0.1,1157.81,73.99
ORD-0062,2025-02-27,Furniture,Chairs,South,Bengaluru,4,0.15,1549.42,244.69
ORD-0063,2025-12-14,Office Supplies,Storage,North,Jaipur,9,0.0,533.56,62.97
ORD-0064,2025-11-13,Office Supplies,Labels,North,Delhi,5,0.3,422.73,55.88
ORD-0065,2025-01-20,Office Supplies,Labels,East,Patna,9,0.3,1940.24,48.63
ORD-0066,2025-05-24,Office Supplies,Binders,South,Chennai,7,0.0,959.43,226.04
ORD-0067,2025-06-05,Office Supplies,Labels,West,Pune,5,0.05,423.66,54.44
ORD-0068,2025-02-10,Technology,Printers,West,Mumbai,4,0.1,1422.38,232.83
ORD-0069,2025-08-08,Furniture,Chairs,North,Delhi,3,0.05,1133.72,86.81
ORD-0070,2025-04-29,Office Supplies,Storage,North,Delhi,8,0.0,1456.16,308.99
ORD-0071,2025-12-07,Furniture,Bookcases,North,Jaipur,9,0.1,2591.76,175.6
ORD-0072,2025-07-16,Technology,Accessories,South,Hyderabad,5,0.3,3224.78,419.99
ORD-0073,2025-03-24,Furniture,Chairs,North,Chandigarh,1,0.0,222.34,53.85
ORD-0074,2025-10-15,Furniture,Tables,North,Delhi,2,0.15,463.66,33.93
ORD-0075,2025-04-28,Technology,Laptops,South,Bengaluru,3,0.3,1907.22,266.16
ORD-0076,2025-04-22,Technology,Accessories,North,Delhi,7,0.2,3224.44,372.27
ORD-0077,2025-07-11,Office Supplies,Storage,East,Bhubaneswar,2,0.3,328.91,22.8
ORD-0078,2025-06-15,Technology,Laptops,West,Mumbai,1,0.15,173.0,13.52
ORD-0079,2025-05-18,Furniture,Chairs,North,Delhi,8,0.15,2787.02,294.18
ORD-0080,2025-05-06,Office Supplies,Paper,South,Hyderabad,3,0.0,433.85,68.64
ORD-0081,2025-07-14,Furniture,Bookcases,South,Hyderabad,3,0.2,1047.35,44.71
ORD-0082,2025-11-13,Technology,Phones,South,Bengaluru,6,0.2,2714.24,280.33
ORD-0083,2025-02-03,Furniture,Furnishings,South,Bengaluru,1,0.0,506.3,48.45
ORD-0084,2025-04-17,Furniture,Tables,East,Bhubaneswar,1,0.05,303.7,63.81
ORD-0085,2025-10-30,Technology,Accessories,North,Jaipur,8,0.3,6591.42,353.5
ORD-0086,2025-01-07,Office Supplies,Binders,East,Patna,3,0.3,320.85,32.87
ORD-0087,2025-08-15,Technology,Laptops,South,Bengaluru,3,0.2,967.04,39.64
ORD-0088,2025-05-06,Furniture,Chairs,East,Bhubaneswar,9,0.0,1845.21,255.19
ORD-0089,2025-04-19,Furniture,Tables,East,Kolkata,2,0.05,616.25,96.95
ORD-0090,2025-04-11,Furniture,Furnishings,East,Bhubaneswar,6,0.15,1257.39,172.65
ORD-0091,2025-08-17,Furniture,Furnishings,East,Kolkata,9,0.3,2358.46,87.52
ORD-0092,2025-11-14,Furniture,Tables,East,Bhubaneswar,8,0.0,2199.67,205.98
ORD-0093,2025-01-06,Furniture,Furnishings,North,Jaipur,2,0.3,767.47,108.03
ORD-0094,2025-07-13,Furniture,Tables,East,Bhubaneswar,8,0.05,2521.97,277.66
ORD-0095,2025-11-20,Office Supplies,Binders,South,Bengaluru,3,0.15,440.71,20.72
ORD-0096,2025-05-19,Furniture,Furnishings,South,Hyderabad,4,0.2,857.79,86.24
ORD-0097,2025-09-18,Technology,Laptops,West,Pune,7,0.05,1606.26,124.38
ORD-0098,2025-02-07,Technology,Phones,North,Delhi,7,0.1,3403.2,354.98
ORD-0099,2025-11-30,Office Supplies,Binders,West,Pune,5,0.15,635.64,58.46
ORD-0100,2025-11-24,Office Supplies,Labels,South,Hyderabad,9,0.2,1113.79,49.31
ORD-0101,2025-12-05,Technology,Phones,North,Delhi,4,0.05,2316.75,466.41
ORD-0102,2025-05-05,Furniture,Tables,West,Ahmedabad,6,0.0,724.42,150.02
ORD-0103,2025-11-05,Furniture,Chairs,North,Delhi,8,0.3,2603.29,350.85
ORD-0104,2025-04-21,Furniture,Furnishings,South,Chennai,1,0.15,139.3,21.39
ORD-0105,2025-04-07,Furniture,Chairs,South,Hyderabad,5,0.15,1239.15,154.13
ORD-0106,2025-04-28,Office Supplies,Storage,South,Hyderabad,6,0.2,817.74,23.56
ORD-0107,2025-06-06,Office Supplies,Labels,West,Ahmedabad,8,0.15,816.39,129.58
ORD-0108,2025-10-26,Technology,Accessories,East,Bhubaneswar,5,0.15,1814.79,105.93
ORD-0109,2025-10-30,Office Supplies,Binders,South,Chennai,8,0.15,1781.77,228.61
ORD-0110,2025-10-20,Technology,Printers,West,Mumbai,8,0.05,3762.82,728.53
ORD-0111,2025-01-29,Furniture,Chairs,South,Chennai,8,0.05,2123.41,435.54
ORD-0112,2025-02-24,Technology,Phones,North,Jaipur,3,0.2,1127.79,84.0
ORD-0113,2025-04-27,Office Supplies,Binders,West,Mumbai,9,0.05,1000.61,219.01
ORD-0114,2025-12-13,Technology,Laptops,East,Bhubaneswar,1,0.1,300.76,15.21
ORD-0115,2025-06-29,Office Supplies,Binders,West,Mumbai,6,0.05,538.99,34.89
ORD-0116,2025-06-26,Office Supplies,Storage,North,Delhi,4,0.3,632.19,76.69
ORD-0117,2025-09-14,Furniture,Furnishings,North,Jaipur,7,0.3,3092.03,30.53
ORD-0118,2025-05-24,Technology,Phones,North,Chandigarh,8,0.1,3184.68,178.88
ORD-0119,2025-04-23,Office Supplies,Storage,South,Bengaluru,2,0.15,373.7,21.83
ORD-0120,2025-06-11,Office Supplies,Storage,East,Bhubaneswar,1,0.15,119.25,20.3
ORD-0121,2025-09-04,Office Supplies,Labels,North,Delhi,3,0.2,450.93,50.12
ORD-0122,2025-04-07,Technology,Phones,East,Patna,8,0.05,2177.39,434.18
ORD-0123,2025-06-14,Office Supplies,Labels,West,Pune,6,0.05,554.38,35.87
ORD-0124,2025-04-22,Technology,Accessories,North,Jaipur,3,0.15,907.1,124.09
ORD-0125,2025-01-11,Office Supplies,Paper,East,Kolkata,2,0.15,212.34,28.37
ORD-0126,2025-02-22,Furniture,Tables,North,Chandigarh,3,0.15,869.5,167.96
ORD-0127,2025-04-30,Office Supplies,Paper,South,Bengaluru,7,0.1,741.3,97.94
ORD-0128,2025-12-25,Office Supplies,Binders,North,Delhi,9,0.3,1588.8,134.51
ORD-0129,2025-04-19,Furniture,Tables,South,Hyderabad,2,0.0,257.79,38.38
ORD-0130,2025-12-28,Furniture,Furnishings,East,Kolkata,6,0.2,2147.67,117.75
ORD-0131,2025-09-25,Technology,Accessories,West,Pune,9,0.0,7963.38,1203.99
ORD-0132,2025-11-06,Furniture,Tables,South,Bengaluru,1,0.1,277.35,16.74
ORD-0133,2025-10-23,Office Supplies,Paper,North,Jaipur,4,0.1,316.05,65.23
ORD-0134,2025-03-10,Furniture,Furnishings,South,Bengaluru,8,0.0,3285.06,413.54
ORD-0135,2025-12-03,Furniture,Bookcases,East,Patna,2,0.0,499.17,46.31
ORD-0136,2025-04-14,Office Supplies,Paper,North,Jaipur,9,0.1,1948.82,359.07
ORD-0137,2025-04-12,Office Supplies,Labels,East,Bhubaneswar,2,0.1,214.15,43.03
ORD-0138,2025-10-30,Technology,Laptops,North,Jaipur,8,0.1,2769.79,469.42
ORD-0139,2025-07-17,Office Supplies,Storage,North,Chandigarh,8,0.1,936.42,199.37
ORD-0140,2025-01-16,Office Supplies,Storage,West,Pune,7,0.0,351.68,38.93
ORD-0141,2025-12-01,Furniture,Tables,East,Bhubaneswar,5,0.05,1069.89,143.58
ORD-0142,2025-04-13,Office Supplies,Storage,South,Chennai,1,0.3,145.86,11.14
ORD-0143,2025-05-11,Technology,Printers,North,Chandigarh,5,0.15,258.15,32.22
ORD-0144,2025-07-29,Office Supplies,Labels,North,Chandigarh,1,0.2,174.52,20.02
ORD-0145,2025-02-03,Technology,Accessories,East,Bhubaneswar,7,0.1,2667.47,151.79
ORD-0146,2025-11-14,Technology,Phones,South,Hyderabad,5,0.15,1315.76,176.54
ORD-0147,2025-12-25,Office Supplies,Storage,North,Chandigarh,4,0.1,333.4,41.49
ORD-0148,2025-10-20,Technology,Laptops,West,Pune,9,0.0,5175.01,1214.87
ORD-0149,2025-12-10,Technology,Accessories,North,Delhi,4,0.3,2420.12,186.68
ORD-0150,2025-02-21,Office Supplies,Binders,North,Jaipur,4,0.1,444.05,50.3
ORD-0151,2025-11-26,Office Supplies,Binders,North,Jaipur,2,0.05,205.07,39.99
ORD-0152,2025-08-03,Furniture,Chairs,South,Chennai,1,0.0,289.07,68.72
ORD-0153,2025-06-27,Office Supplies,Paper,East,Bhubaneswar,2,0.1,170.08,14.14
ORD-0154,2025-03-09,Technology,Accessories,North,Delhi,5,0.05,2621.24,367.66
ORD-0155,2025-05-17,Furniture,Bookcases,West,Mumbai,3,0.2,1071.2,144.6
ORD-0156,2025-11-24,Technology,Printers,East,Bhubaneswar,5,0.05,3103.34,474.94
ORD-0157,2025-03-22,Office Supplies,Labels,North,Delhi,2,0.2,40.0,6.56
ORD-0158,2025-08-25,Furniture,Furnishings,South,Chennai,1,0.3,208.63,13.27
ORD-0159,2025-02-28,Office Supplies,Labels,North,Jaipur,9,0.2,638.16,80.17
ORD-0160,2025-05-13,Furniture,Tables,West,Ahmedabad,9,0.1,1998.32,388.56
ORD-0161,2025-06-07,Technology,Printers,East,Kolkata,7,0.3,3556.46,368.55
ORD-0162,2025-02-15,Technology,Laptops,West,Mumbai,1,0.0,388.05,72.72
ORD-0163,2025-06-12,Technology,Printers,West,Mumbai,6,0.15,3821.14,516.03
ORD-0164,2025-11-20,Office Supplies,Paper,South,Bengaluru,1,0.15,110.07,4.29
ORD-0165,2025-04-30,Furniture,Chairs,South,Bengaluru,2,0.2,677.09,9.32
ORD-0166,2025-02-27,Technology,Accessories,West,Ahmedabad,7,0.05,2570.3,230.09
ORD-0167,2025-02-08,Furniture,Furnishings,North,Jaipur,7,0.05,1701.19,329.83
ORD-0168,2025-12-03,Technology,Accessories,East,Patna,8,0.15,4705.15,714.32
ORD-0169,2025-05-27,Office Supplies,Paper,East,Bhubaneswar,9,0.05,381.92,81.92
ORD-0170,2025-10-08,Technology,Phones,East,Kolkata,8,0.15,2886.0,355.46
ORD-0171,2025-05-25,Furniture,Bookcases,West,Pune,5,0.05,1416.71,271.83
ORD-0172,2025-01-24,Furniture,Furnishings,West,Mumbai,3,0.15,526.21,85.73
ORD-0173,2025-08-24,Furniture,Tables,East,Kolkata,4,0.0,629.53,67.57
ORD-0174,2025-12-10,Office Supplies,Paper,North,Chandigarh,8,0.1,853.79,181.29
ORD-0175,2025-11-16,Technology,Phones,South,Bengaluru,2,0.1,1678.77,273.89
ORD-0176,2025-08-02,Office Supplies,Binders,North,Jaipur,3,0.0,297.52,36.04
ORD-0177,2025-03-27,Office Supplies,Labels,East,Bhubaneswar,4,0.05,678.81,80.1
ORD-0178,2025-03-18,Furniture,Chairs,North,Delhi,4,0.05,922.5,119.9
ORD-0179,2025-05-02,Technology,Accessories,South,Bengaluru,2,0.2,1010.85,131.51
ORD-0180,2025-08-11,Technology,Laptops,North,Jaipur,9,0.05,4238.22,938.7
ORD-0181,2025-04-21,Office Supplies,Labels,South,Bengaluru,7,0.3,1031.51,117.53
ORD-0182,2025-07-07,Furniture,Bookcases,East,Kolkata,2,0.3,1015.07,77.0
ORD-0183,2025-05-02,Office Supplies,Paper,North,Jaipur,3,0.1,425.88,30.87
ORD-0184,2025-12-18,Technology,Accessories,South,Hyderabad,8,0.0,2877.14,471.44
ORD-0185,2025-04-03,Technology,Accessories,East,Kolkata,6,0.05,3731.04,704.27
ORD-0186,2025-01-20,Furniture,Furnishings,West,Pune,8,0.05,2306.98,484.22
ORD-0187,2025-12-20,Furniture,Furnishings,South,Hyderabad,4,0.1,514.16,47.95
ORD-0188,2025-02-09,Furniture,Bookcases,North,Chandigarh,5,0.0,1199.3,122.77
ORD-0189,2025-10-25,Office Supplies,Labels,South,Chennai,2,0.2,267.2,22.53
ORD-0190,2025-08-19,Technology,Phones,East,Bhubaneswar,9,0.15,3636.81,466.61
ORD-0191,2025-01-28,Technology,Accessories,North,Delhi,2,0.15,1440.78,277.16
ORD-0192,2025-04-28,Furniture,Bookcases,South,Chennai,9,0.0,4153.04,649.55
ORD-0193,2025-03-05,Furniture,Furnishings,North,Delhi,6,0.2,2333.66,333.49
ORD-0194,2025-07-26,Office Supplies,Labels,West,Ahmedabad,6,0.15,1028.07,122.63
ORD-0195,2025-10-20,Technology,Laptops,South,Hyderabad,4,0.1,1893.98,230.83
ORD-0196,2025-06-28,Office Supplies,Paper,North,Delhi,4,0.2,399.75,36.61
ORD-0197,2025-11-02,Office Supplies,Binders,South,Hyderabad,9,0.1,496.19,63.56
ORD-0198,2025-10-28,Office Supplies,Labels,East,Bhubaneswar,4,0.05,564.58,54.66
ORD-0199,2025-09-21,Office Supplies,Binders,North,Delhi,6,0.05,671.95,117.58
ORD-0200,2025-04-24,Office Supplies,Storage,South,Bengaluru,2,0.0,258.26,57.14
ORD-0201,2025-11-24,Office Supplies,Paper,West,Ahmedabad,9,0.1,1497.89,306.99
ORD-0202,2025-03-31,Office Supplies,Labels,North,Delhi,2,0.05,339.71,56.17
ORD-0203,2025-06-25,Technology,Phones,North,Delhi,9,0.1,3678.66,714.94
ORD-0204,2025-01-19,Furniture,Tables,West,Pune,6,0.05,1480.16,284.32
ORD-0205,2025-05-09,Office Supplies,Storage,North,Jaipur,8,0.2,1289.14,84.03
ORD-0206,2025-11-12,Furniture,Bookcases,East,Kolkata,9,0.0,1438.61,173.18
ORD-0207,2025-09-24,Furniture,Furnishings,South,Bengaluru,3,0.05,1042.1,147.24
ORD-0208,2025-04-27,Furniture,Tables,West,Pune,9,0.15,1708.69,90.27
ORD-0209,2025-02-12,Furniture,Bookcases,West,Ahmedabad,7,0.1,2537.14,338.99
ORD-0210,2025-04-27,Office Supplies,Storage,East,Patna,9,0.15,1402.59,259.61
ORD-0211,2025-10-02,Technology,Phones,North,Chandigarh,2,0.2,1022.98,59.77
ORD-0212,2025-05-16,Technology,Accessories,West,Ahmedabad,4,0.3,1100.68,106.49
ORD-0213,2025-12-16,Technology,Printers,South,Hyderabad,7,0.2,2081.46,86.13
ORD-0214,2025-10-25,Technology,Phones,South,Hyderabad,8,0.15,4294.31,428.01
ORD-0215,2025-12-28,Technology,Laptops,North,Delhi,7,0.15,3422.87,226.85
ORD-0216,2025-05-01,Technology,Laptops,West,Pune,8,0.0,6435.57,773.99
ORD-0217,2025-04-10,Office Supplies,Binders,West,Ahmedabad,7,0.15,641.99,33.99
ORD-0218,2025-04-18,Furniture,Chairs,East,Kolkata,2,0.0,658.59,76.95
ORD-0219,2025-06-09,Technology,Printers,North,Jaipur,9,0.3,6118.83,-5.5
ORD-0220,2025-11-19,Technology,Accessories,North,Chandigarh,6,0.2,1107.38,146.16
ORD-0221,2025-01-19,Office Supplies,Storage,West,Pune,4,0.2,575.59,13.53
ORD-0222,2025-03-14,Technology,Phones,West,Ahmedabad,8,0.0,5651.78,669.91
ORD-0223,2025-11-12,Furniture,Furnishings,North,Delhi,2,0.2,490.61,27.52
ORD-0224,2025-02-27,Furniture,Bookcases,South,Hyderabad,3,0.3,964.71,85.68
ORD-0225,2025-10-18,Office Supplies,Binders,South,Hyderabad,2,0.3,76.11,5.37
ORD-0226,2025-10-30,Office Supplies,Paper,North,Jaipur,9,0.05,842.26,66.48
ORD-0227,2025-05-16,Furniture,Furnishings,West,Mumbai,4,0.15,219.06,42.3
ORD-0228,2025-05-01,Technology,Printers,West,Mumbai,5,0.15,1856.8,247.9
ORD-0229,2025-09-29,Technology,Accessories,West,Mumbai,6,0.2,2425.19,172.73
ORD-0230,2025-11-27,Technology,Accessories,North,Delhi,3,0.15,1157.3,86.85
ORD-0231,2025-05-23,Office Supplies,Binders,East,Bhubaneswar,6,0.15,217.53,40.4
ORD-0232,2025-06-07,Technology,Laptops,North,Jaipur,8,0.05,5135.11,1078.73
ORD-0233,2025-03-14,Office Supplies,Labels,East,Bhubaneswar,5,0.05,749.58,63.74
ORD-0234,2025-11-17,Office Supplies,Labels,East,Bhubaneswar,6,0.3,750.3,3.54
ORD-0235,2025-05-21,Furniture,Chairs,South,Hyderabad,5,0.15,1468.23,74.11
ORD-0236,2025-01-31,Office Supplies,Labels,West,Mumbai,4,0.05,303.32,33.28
ORD-0237,2025-09-11,Office Supplies,Labels,North,Jaipur,2,0.1,158.81,22.39
ORD-0238,2025-09-24,Technology,Phones,South,Bengaluru,2,0.2,1031.41,118.94
ORD-0239,2025-04-09,Technology,Accessories,East,Kolkata,5,0.1,1960.81,147.49
ORD-0240,2025-02-09,Office Supplies,Paper,West,Ahmedabad,1,0.2,90.32,10.35
ORD-0241,2025-08-19,Technology,Printers,West,Pune,2,0.1,469.43,54.17
ORD-0242,2025-05-13,Office Supplies,Paper,North,Chandigarh,7,0.05,773.92,65.97
ORD-0243,2025-05-18,Furniture,Tables,East,Kolkata,7,0.0,2180.0,294.29
ORD-0244,2025-12-04,Office Supplies,Paper,North,Delhi,5,0.2,365.09,6.3
ORD-0245,2025-07-10,Furniture,Chairs,West,Ahmedabad,5,0.15,873.64,60.19
ORD-0246,2025-02-11,Office Supplies,Storage,North,Delhi,5,0.05,591.58,126.69
ORD-0247,2025-05-09,Office Supplies,Paper,West,Mumbai,2,0.05,105.67,23.32
ORD-0248,2025-09-04,Technology,Printers,North,Jaipur,2,0.1,771.88,93.8
ORD-0249,2025-12-10,Technology,Phones,West,Ahmedabad,3,0.0,1064.45,220.19
ORD-0250,2025-06-01,Office Supplies,Storage,West,Ahmedabad,1,0.2,116.82,11.27
ORD-0251,2025-07-30,Furniture,Bookcases,South,Chennai,7,0.05,1651.0,130.8
ORD-0252,2025-02-07,Office Supplies,Labels,West,Pune,1,0.0,170.17,41.85
ORD-0253,2025-11-20,Office Supplies,Storage,North,Chandigarh,9,0.3,1252.33,159.41
ORD-0254,2025-09-15,Technology,Printers,West,Ahmedabad,6,0.2,4745.93,517.36
ORD-0255,2025-01-11,Office Supplies,Labels,West,Pune,1,0.15,76.12,7.12
ORD-0256,2025-06-21,Technology,Printers,South,Hyderabad,3,0.3,420.9,-9.61
ORD-0257,2025-04-29,Office Supplies,Binders,West,Pune,7,0.2,1086.24,191.53
ORD-0258,2025-08-24,Office Supplies,Binders,East,Patna,6,0.3,514.96,73.33
ORD-0259,2025-09-15,Office Supplies,Paper,North,Chandigarh,5,0.1,770.66,54.42
ORD-0260,2025-07-08,Technology,Laptops,East,Kolkata,1,0.1,541.02,51.71
ORD-0261,2025-04-18,Furniture,Chairs,South,Chennai,9,0.05,2111.85,332.34
ORD-0262,2025-04-14,Office Supplies,Labels,North,Jaipur,3,0.05,420.24,73.24
ORD-0263,2025-08-19,Technology,Phones,West,Pune,2,0.15,1276.94,148.9
ORD-0264,2025-01-14,Office Supplies,Binders,South,Hyderabad,9,0.05,849.5,162.66
ORD-0265,2025-03-11,Office Supplies,Labels,East,Patna,8,0.2,600.06,71.63
ORD-0266,2025-10-20,Office Supplies,Binders,East,Bhubaneswar,6,0.2,721.47,7.45
ORD-0267,2025-09-17,Technology,Laptops,South,Bengaluru,9,0.15,2002.34,228.7
ORD-0268,2025-02-24,Office Supplies,Paper,West,Pune,4,0.15,200.91,7.33
ORD-0269,2025-06-08,Furniture,Tables,South,Chennai,3,0.3,642.27,59.87
ORD-0270,2025-12-22,Office Supplies,Binders,South,Hyderabad,3,0.2,359.57,12.61
ORD-0271,2025-11-15,Technology,Accessories,North,Chandigarh,4,0.3,2287.05,192.65
ORD-0272,2025-07-17,Furniture,Furnishings,West,Ahmedabad,7,0.0,2748.43,663.89
ORD-0273,2025-02-19,Technology,Printers,North,Chandigarh,3,0.0,1100.63,261.99
ORD-0274,2025-10-29,Office Supplies,Storage,South,Chennai,3,0.2,457.2,70.01
ORD-0275,2025-07-11,Technology,Phones,North,Chandigarh,5,0.3,2966.01,292.89
ORD-0276,2025-04-10,Furniture,Chairs,West,Mumbai,6,0.0,2699.66,288.9
ORD-0277,2025-03-25,Furniture,Furnishings,North,Jaipur,8,0.15,2132.03,74.79
ORD-0278,2025-08-08,Technology,Accessories,East,Patna,8,0.05,3576.92,388.92
ORD-0279,2025-03-11,Office Supplies,Binders,North,Delhi,9,0.15,881.14,117.06
ORD-0280,2025-01-07,Furniture,Chairs,West,Pune,6,0.05,1791.17,334.98
ORD-0281,2025-06-03,Furniture,Furnishings,East,Patna,8,0.05,3143.07,719.84
ORD-0282,2025-11-01,Technology,Accessories,South,Hyderabad,3,0.1,915.69,192.52
ORD-0283,2025-06-10,Furniture,Chairs,North,Delhi,2,0.0,472.46,106.12
ORD-0284,2025-03-02,Furniture,Chairs,West,Mumbai,2,0.15,942.16,141.68
ORD-0285,2025-04-08,Technology,Laptops,North,Delhi,6,0.05,3221.0,292.09
ORD-0286,2025-11-26,Office Supplies,Labels,North,Chandigarh,2,0.1,203.44,31.67
ORD-0287,2025-02-28,Furniture,Furnishings,East,Bhubaneswar,3,0.15,696.52,83.67
ORD-0288,2025-08-20,Office Supplies,Labels,South,Chennai,5,0.3,432.17,1.07
ORD-0289,2025-10-11,Technology,Phones,North,Chandigarh,1,0.0,589.09,86.26
ORD-0290,2025-03-30,Office Supplies,Storage,West,Ahmedabad,2,0.1,233.46,41.29
ORD-0291,2025-01-08,Office Supplies,Labels,West,Pune,8,0.2,1386.93,163.49
ORD-0292,2025-04-14,Office Supplies,Storage,East,Bhubaneswar,2,0.05,180.59,25.03
ORD-0293,2025-12-31,Furniture,Tables,East,Patna,3,0.2,1701.26,228.9
ORD-0294,2025-09-03,Office Supplies,Paper,West,Pune,3,0.0,383.03,82.97
ORD-0295,2025-04-19,Furniture,Furnishings,North,Jaipur,7,0.05,2370.13,215.0
ORD-0296,2025-05-08,Office Supplies,Storage,East,Patna,5,0.0,470.59,45.09
ORD-0297,2025-05-13,Technology,Printers,South,Bengaluru,3,0.15,1509.93,277.22
ORD-0298,2025-12-30,Technology,Printers,West,Mumbai,9,0.2,3631.27,193.31
ORD-0299,2025-10-04,Office Supplies,Labels,West,Pune,8,0.1,1041.86,72.03
ORD-0300,2025-03-16,Technology,Accessories,South,Bengaluru,9,0.3,3399.24,341.53
ORD-0301,2025-10-16,Office Supplies,Binders,East,Patna,4,0.1,397.83,64.32
ORD-0302,2025-05-28,Technology,Accessories,South,Hyderabad,1,0.1,496.83,80.99
ORD-0303,2025-01-21,Furniture,Tables,East,Patna,3,0.15,741.51,138.67
ORD-0304,2025-09-09,Office Supplies,Storage,North,Jaipur,2,0.1,361.3,71.98
ORD-0305,2025-12-20,Office Supplies,Storage,East,Patna,8,0.2,518.61,53.38
ORD-0306,2025-03-25,Furniture,Tables,East,Bhubaneswar,1,0.0,239.18,36.27
ORD-0307,2025-03-24,Technology,Laptops,East,Bhubaneswar,3,0.15,1605.56,49.07
ORD-0308,2025-05-04,Office Supplies,Storage,North,Jaipur,7,0.0,1100.12,140.66
ORD-0309,2025-11-13,Office Supplies,Binders,West,Pune,4,0.0,442.46,70.66
ORD-0310,2025-11-30,Technology,Accessories,North,Jaipur,9,0.15,3554.84,136.73
ORD-0311,2025-04-20,Office Supplies,Binders,North,Delhi,6,0.0,693.68,89.14
ORD-0312,2025-02-19,Furniture,Bookcases,West,Pune,5,0.2,1411.37,29.38
ORD-0313,2025-07-20,Office Supplies,Storage,West,Mumbai,9,0.0,1448.62,122.08
ORD-0314,2025-03-17,Office Supplies,Labels,West,Pune,9,0.1,1269.41,249.73
ORD-0315,2025-02-07,Furniture,Furnishings,North,Jaipur,4,0.15,1443.56,65.28
ORD-0316,2025-07-13,Furniture,Chairs,East,Bhubaneswar,8,0.05,3407.71,486.94
ORD-0317,2025-09-19,Office Supplies,Labels,East,Bhubaneswar,6,0.15,532.9,69.38
ORD-0318,2025-04-03,Office Supplies,Storage,West,Pune,1,0.1,64.56,5.06
ORD-0319,2025-05-21,Furniture,Chairs,West,Mumbai,6,0.0,1987.69,273.52
ORD-0320,2025-04-16,Office Supplies,Paper,West,Pune,6,0.3,792.76,17.62
ORD-0321,2025-12-10,Office Supplies,Paper,North,Delhi,5,0.0,621.74,52.88
ORD-0322,2025-11-29,Office Supplies,Binders,East,Patna,1,0.15,29.19,4.42
ORD-0323,2025-09-25,Office Supplies,Paper,North,Delhi,1,0.2,99.71,15.06
ORD-0324,2025-11-20,Technology,Printers,South,Bengaluru,1,0.15,473.12,42.69
ORD-0325,2025-08-13,Technology,Printers,West,Mumbai,3,0.2,1591.88,199.58
ORD-0326,2025-07-29,Furniture,Bookcases,North,Chandigarh,3,0.3,846.98,-4.51
ORD-0327,2025-06-04,Technology,Accessories,West,Pune,5,0.0,1349.32,267.34
ORD-0328,2025-10-28,Furniture,Bookcases,North,Jaipur,5,0.2,1556.99,229.44
ORD-0329,2025-10-21,Technology,Phones,East,Kolkata,5,0.1,1741.1,101.32
ORD-0330,2025-07-07,Furniture,Tables,South,Bengaluru,2,0.1,972.82,118.22
ORD-0331,2025-12-26,Furniture,Chairs,East,Patna,9,0.05,2626.03,238.62
ORD-0332,2025-07-12,Furniture,Furnishings,North,Delhi,4,0.1,1054.84,52.03
ORD-0333,2025-05-06,Furniture,Furnishings,East,Patna,1,0.15,428.32,52.53
ORD-0334,2025-11-21,Technology,Phones,North,Chandigarh,8,0.1,3740.08,506.5
ORD-0335,2025-12-29,Technology,Laptops,East,Bhubaneswar,3,0.2,497.71,75.67
ORD-0336,2025-03-28,Furniture,Furnishings,North,Jaipur,6,0.15,1576.36,309.95
ORD-0337,2025-05-06,Furniture,Chairs,North,Jaipur,4,0.2,2305.83,321.72
ORD-0338,2025-12-20,Office Supplies,Storage,East,Bhubaneswar,3,0.05,132.49,9.58
ORD-0339,2025-12-25,Technology,Printers,North,Jaipur,4,0.2,2405.7,205.66
ORD-0340,2025-09-30,Furniture,Bookcases,West,Ahmedabad,3,0.15,325.21,25.56
ORD-0341,2025-06-14,Technology,Printers,South,Chennai,7,0.0,2637.0,529.64
ORD-0342,2025-04-27,Office Supplies,Storage,West,Ahmedabad,2,0.1,231.1,24.29
ORD-0343,2025-01-05,Furniture,Tables,North,Chandigarh,1,0.05,262.03,58.43
ORD-0344,2025-07-02,Technology,Accessories,South,Bengaluru,4,0.3,3039.78,193.99
ORD-0345,2025-07-22,Furniture,Bookcases,East,Patna,9,0.2,3987.73,704.73
ORD-0346,2025-08-27,Furniture,Bookcases,East,Patna,4,0.2,850.77,77.42
ORD-0347,2025-12-03,Office Supplies,Labels,West,Mumbai,1,0.3,144.93,1.82
ORD-0348,2025-12-15,Office Supplies,Binders,West,Pune,6,0.1,120.0,23.19
ORD-0349,2025-07-23,Furniture,Furnishings,South,Hyderabad,2,0.3,855.0,117.79
ORD-0350,2025-04-23,Technology,Accessories,South,Bengaluru,8,0.3,2506.32,-56.56
ORD-0351,2025-02-06,Office Supplies,Paper,North,Delhi,8,0.1,1020.68,152.4
ORD-0352,2025-09-17,Technology,Phones,South,Bengaluru,6,0.1,2837.25,295.92
ORD-0353,2025-10-17,Technology,Printers,North,Delhi,3,0.0,455.27,75.17
ORD-0354,2025-01-13,Office Supplies,Labels,South,Bengaluru,8,0.15,1031.67,179.8
ORD-0355,2025-02-24,Furniture,Bookcases,South,Bengaluru,6,0.0,1633.36,283.1
ORD-0356,2025-02-22,Technology,Phones,North,Jaipur,3,0.0,403.18,84.32
ORD-0357,2025-03-15,Technology,Accessories,East,Bhubaneswar,4,0.05,1391.18,144.17
ORD-0358,2025-01-22,Office Supplies,Labels,North,Jaipur,4,0.2,511.77,84.88
ORD-0359,2025-10-17,Office Supplies,Labels,East,Patna,2,0.0,286.72,59.43
ORD-0360,2025-12-15,Technology,Accessories,North,Chandigarh,2,0.3,1155.86,110.02
ORD-0361,2025-11-21,Technology,Laptops,West,Mumbai,9,0.0,3809.81,850.58
ORD-0362,2025-11-03,Technology,Printers,South,Chennai,3,0.0,1420.68,204.78
ORD-0363,2025-07-05,Office Supplies,Storage,North,Delhi,7,0.1,140.0,26.39
ORD-0364,2025-08-23,Office Supplies,Storage,East,Kolkata,5,0.0,571.8,72.81
ORD-0365,2025-04-04,Technology,Printers,East,Kolkata,9,0.15,4338.18,856.4
ORD-0366,2025-01-28,Technology,Laptops,West,Ahmedabad,9,0.1,3646.46,447.82
ORD-0367,2025-01-13,Technology,Laptops,East,Kolkata,2,0.05,218.12,21.49
ORD-0368,2025-04-10,Office Supplies,Storage,South,Bengaluru,7,0.2,1233.55,19.87
ORD-0369,2025-01-03,Furniture,Furnishings,East,Bhubaneswar,6,0.3,1050.67,9.32
ORD-0370,2025-01-13,Office Supplies,Labels,East,Patna,9,0.0,1700.93,168.32
ORD-0371,2025-03-15,Furniture,Furnishings,East,Kolkata,5,0.1,1592.66,205.11
ORD-0372,2025-01-24,Furniture,Chairs,West,Pune,9,0.15,2777.8,96.06
ORD-0373,2025-06-05,Furniture,Chairs,West,Ahmedabad,1,0.1,346.04,49.42
ORD-0374,2025-06-11,Technology,Accessories,South,Hyderabad,5,0.3,2265.45,111.09
ORD-0375,2025-01-07,Technology,Phones,North,Jaipur,4,0.1,2402.1,378.84
ORD-0376,2025-06-09,Furniture,Furnishings,East,Patna,8,0.0,4011.96,734.37
ORD-0377,2025-05-12,Technology,Phones,South,Chennai,8,0.15,3469.9,374.91
ORD-0378,2025-04-29,Technology,Laptops,West,Mumbai,5,0.15,955.99,114.78
ORD-0379,2025-01-17,Office Supplies,Labels,South,Hyderabad,7,0.05,939.61,109.07
ORD-0380,2025-12-17,Technology,Phones,North,Jaipur,1,0.0,293.42,70.73
ORD-0381,2025-02-16,Technology,Laptops,West,Mumbai,9,0.05,5629.83,359.37
ORD-0382,2025-06-10,Furniture,Bookcases,West,Pune,2,0.3,833.93,54.24
ORD-0383,2025-02-15,Technology,Phones,South,Hyderabad,5,0.3,2765.54,146.97
ORD-0384,2025-01-03,Furniture,Chairs,East,Bhubaneswar,6,0.2,1916.33,175.97
ORD-0385,2025-08-28,Office Supplies,Labels,North,Delhi,2,0.3,203.94,-1.32
ORD-0386,2025-03-31,Furniture,Furnishings,West,Ahmedabad,9,0.15,3256.18,233.21
ORD-0387,2025-12-24,Furniture,Bookcases,East,Patna,6,0.2,2137.14,364.23
ORD-0388,2025-09-04,Office Supplies,Paper,West,Pune,8,0.2,1215.15,188.61
ORD-0389,2025-11-17,Office Supplies,Labels,East,Bhubaneswar,7,0.15,1005.32,29.71
ORD-0390,2025-09-12,Technology,Phones,West,Pune,5,0.05,2578.59,302.17
ORD-0391,2025-10-05,Office Supplies,Labels,West,Ahmedabad,5,0.15,482.97,67.67
ORD-0392,2025-06-04,Technology,Phones,South,Chennai,2,0.1,441.1,56.94
ORD-0393,2025-04-27,Furniture,Bookcases,North,Jaipur,3,0.05,873.36,107.61
ORD-0394,2025-04-01,Office Supplies,Labels,North,Delhi,2,0.15,183.53,31.48
ORD-0395,2025-09-23,Office Supplies,Binders,North,Jaipur,9,0.2,1160.86,55.99
ORD-0396,2025-05-29,Furniture,Furnishings,East,Patna,3,0.15,840.33,131.5
ORD-0397,2025-11-23,Technology,Printers,East,Patna,8,0.05,5389.52,1151.26
ORD-0398,2025-05-27,Furniture,Chairs,North,Delhi,7,0.3,1706.98,17.42
ORD-0399,2025-07-14,Technology,Printers,South,Chennai,8,0.05,4733.29,959.5
ORD-0400,2025-09-05,Furniture,Chairs,East,Kolkata,4,0.2,1512.73,24.79
ORD-0401,2025-09-06,Technology,Laptops,North,Delhi,6,0.3,3991.66,-92.94
ORD-0402,2025-10-30,Furniture,Furnishings,East,Bhubaneswar,4,0.15,845.4,67.81
ORD-0403,2025-12-09,Office Supplies,Labels,East,Kolkata,2,0.0,168.27,24.07
ORD-0404,2025-01-16,Office Supplies,Binders,West,Ahmedabad,8,0.3,649.7,27.19
ORD-0405,2025-10-14,Furniture,Chairs,West,Ahmedabad,2,0.1,687.86,104.44
ORD-0406,2025-06-02,Furniture,Chairs,West,Ahmedabad,5,0.2,2235.84,61.32
ORD-0407,2025-03-29,Furniture,Chairs,East,Kolkata,2,0.1,827.21,150.22
ORD-0408,2025-05-06,Technology,Laptops,East,Kolkata,9,0.0,5461.17,465.54
ORD-0409,2025-09-19,Technology,Phones,North,Chandigarh,4,0.2,2466.67,421.81
ORD-0410,2025-04-10,Furniture,Bookcases,South,Chennai,4,0.05,1593.78,103.96
ORD-0411,2025-11-10,Office Supplies,Storage,West,Pune,1,0.15,117.47,14.39
ORD-0412,2025-06-17,Furniture,Tables,North,Delhi,3,0.2,1043.26,99.96
ORD-0413,2025-08-28,Office Supplies,Binders,West,Mumbai,3,0.15,383.58,51.31
ORD-0414,2025-11-24,Technology,Laptops,East,Kolkata,7,0.3,3403.49,276.46
ORD-0415,2025-06-28,Furniture,Furnishings,East,Patna,2,0.0,460.82,79.86
ORD-0416,2025-05-20,Technology,Accessories,North,Jaipur,1,0.3,371.83,11.82
ORD-0417,2025-02-28,Office Supplies,Binders,North,Chandigarh,1,0.1,97.5,15.62
ORD-0418,2025-10-16,Technology,Laptops,East,Patna,4,0.3,724.36,72.21
ORD-0419,2025-09-05,Technology,Accessories,East,Bhubaneswar,4,0.05,1192.83,260.04
ORD-0420,2025-01-17,Technology,Laptops,North,Chandigarh,2,0.3,598.5,40.77
ORD-0421,2025-08-07,Office Supplies,Paper,North,Chandigarh,1,0.05,57.15,8.59
ORD-0422,2025-06-15,Office Supplies,Binders,West,Pune,6,0.05,556.19,91.84
ORD-0423,2025-01-20,Technology,Phones,East,Bhubaneswar,9,0.15,4329.71,186.85
ORD-0424,2025-11-19,Furniture,Chairs,South,Bengaluru,6,0.1,1287.98,205.98
ORD-0425,2025-04-10,Office Supplies,Labels,South,Hyderabad,2,0.3,221.95,18.04
ORD-0426,2025-10-28,Furniture,Chairs,West,Mumbai,4,0.0,1316.25,226.58
ORD-0427,2025-08-25,Office Supplies,Binders,West,Mumbai,6,0.1,714.06,140.18
ORD-0428,2025-09-28,Technology,Phones,West,Ahmedabad,4,0.2,1690.16,164.22
ORD-0429,2025-02-12,Furniture,Bookcases,West,Mumbai,9,0.2,3852.43,98.38
ORD-0430,2025-03-04,Technology,Accessories,East,Patna,1,0.0,613.2,50.7
ORD-0431,2025-03-02,Technology,Laptops,West,Ahmedabad,2,0.1,1114.85,162.9
ORD-0432,2025-02-07,Furniture,Bookcases,South,Bengaluru,3,0.15,1368.48,254.62
ORD-0433,2025-12-24,Furniture,Tables,East,Bhubaneswar,1,0.0,402.64,95.24
ORD-0434,2025-10-11,Furniture,Chairs,East,Kolkata,1,0.3,220.95,26.77
ORD-0435,2025-02-27,Technology,Accessories,North,Chandigarh,6,0.15,1173.48,61.07
ORD-0436,2025-05-30,Office Supplies,Binders,South,Chennai,9,0.2,310.57,19.0
ORD-0437,2025-03-29,Furniture,Chairs,East,Bhubaneswar,4,0.1,914.0,104.78
ORD-0438,2025-12-07,Office Supplies,Paper,South,Bengaluru,5,0.0,410.63,45.81
ORD-0439,2025-10-30,Office Supplies,Storage,East,Kolkata,4,0.0,708.38,93.98
ORD-0440,2025-06-02,Technology,Printers,South,Chennai,5,0.2,2061.69,144.62
ORD-0441,2025-10-29,Office Supplies,Paper,North,Jaipur,7,0.05,803.12,101.19
ORD-0442,2025-08-01,Technology,Printers,North,Delhi,9,0.3,4514.77,311.85
ORD-0443,2025-09-18,Furniture,Tables,North,Chandigarh,7,0.1,2228.49,257.32
ORD-0444,2025-06-14,Technology,Phones,North,Jaipur,7,0.2,3331.53,442.19
ORD-0445,2025-09-04,Furniture,Furnishings,East,Kolkata,8,0.15,2482.71,285.61
ORD-0446,2025-05-06,Technology,Phones,South,Hyderabad,3,0.3,1879.55,-8.17
ORD-0447,2025-07-20,Furniture,Bookcases,West,Pune,7,0.1,1992.63,203.38
ORD-0448,2025-05-17,Office Supplies,Labels,West,Ahmedabad,1,0.3,95.1,11.71
ORD-0449,2025-12-20,Office Supplies,Labels,East,Bhubaneswar,3,0.2,641.77,64.51
ORD-0450,2025-10-22,Technology,Phones,North,Delhi,8,0.05,5344.44,799.47
ORD-0451,2025-01-07,Technology,Laptops,North,Jaipur,1,0.1,611.86,76.86
ORD-0452,2025-05-24,Furniture,Chairs,East,Bhubaneswar,9,0.3,3002.61,294.21
ORD-0453,2025-03-27,Furniture,Chairs,North,Delhi,9,0.0,728.9,124.18
ORD-0454,2025-09-28,Furniture,Bookcases,South,Hyderabad,3,0.1,841.14,48.68
ORD-0455,2025-02-17,Furniture,Furnishings,South,Chennai,2,0.15,778.17,133.57
ORD-0456,2025-11-18,Furniture,Chairs,North,Chandigarh,6,0.15,384.46,75.75
ORD-0457,2025-01-03,Furniture,Chairs,East,Patna,6,0.3,2243.86,86.75
ORD-0458,2025-04-17,Furniture,Bookcases,South,Chennai,2,0.3,912.85,107.89
ORD-0459,2025-11-13,Furniture,Bookcases,West,Pune,8,0.0,1783.29,319.62
ORD-0460,2025-11-10,Office Supplies,Paper,South,Chennai,4,0.0,493.78,40.73
ORD-0461,2025-03-12,Technology,Printers,North,Jaipur,9,0.05,2421.07,525.13
ORD-0462,2025-10-19,Office Supplies,Storage,North,Chandigarh,5,0.2,261.94,30.78
ORD-0463,2025-09-24,Technology,Laptops,North,Delhi,6,0.0,3994.07,483.5
ORD-0464,2025-10-27,Technology,Laptops,South,Bengaluru,1,0.05,172.71,31.23
ORD-0465,2025-11-14,Furniture,Tables,East,Bhubaneswar,1,0.1,397.29,81.3
ORD-0466,2025-06-05,Furniture,Chairs,South,Hyderabad,5,0.05,923.26,101.41
ORD-0467,2025-07-26,Office Supplies,Storage,South,Bengaluru,4,0.15,538.78,85.68
ORD-0468,2025-06-14,Office Supplies,Paper,West,Mumbai,6,0.3,712.98,32.51
ORD-0469,2025-06-27,Office Supplies,Storage,North,Chandigarh,6,0.2,377.83,31.81
ORD-0470,2025-07-01,Office Supplies,Binders,South,Chennai,6,0.1,638.71,137.2
ORD-0471,2025-12-31,Technology,Accessories,East,Kolkata,3,0.2,519.25,16.68
ORD-0472,2025-10-31,Technology,Accessories,North,Jaipur,5,0.1,2752.78,131.24
ORD-0473,2025-12-22,Technology,Printers,South,Hyderabad,7,0.1,3576.46,731.49
ORD-0474,2025-01-25,Furniture,Chairs,South,Chennai,4,0.2,1658.21,196.52
ORD-0475,2025-06-02,Office Supplies,Binders,South,Hyderabad,4,0.1,657.17,133.38
ORD-0476,2025-02-20,Technology,Phones,East,Patna,5,0.15,2406.64,268.35
ORD-0477,2025-01-14,Office Supplies,Binders,West,Pune,2,0.1,318.81,23.42
ORD-0478,2025-12-11,Furniture,Chairs,East,Patna,9,0.3,2364.58,51.55
ORD-0479,2025-05-23,Technology,Printers,East,Kolkata,8,0.0,3098.89,689.05
ORD-0480,2025-02-28,Technology,Printers,South,Hyderabad,8,0.3,5893.14,539.63
ORD-0481,2025-04-04,Office Supplies,Labels,West,Pune,2,0.15,101.0,4.13
ORD-0482,2025-05-30,Office Supplies,Labels,West,Ahmedabad,4,0.2,570.52,46.76
ORD-0483,2025-05-24,Technology,Printers,West,Ahmedabad,7,0.1,3637.06,619.62
ORD-0484,2025-06-28,Technology,Accessories,North,Jaipur,4,0.2,1800.92,292.74
ORD-0485,2025-04-05,Furniture,Bookcases,North,Jaipur,5,0.2,1404.23,246.88
ORD-0486,2025-01-11,Office Supplies,Labels,South,Bengaluru,2,0.05,199.29,26.56
ORD-0487,2025-12-24,Technology,Accessories,West,Pune,8,0.1,1455.21,146.2
ORD-0488,2025-02-08,Technology,Laptops,West,Pune,1,0.15,377.11,53.58
ORD-0489,2025-01-04,Technology,Phones,South,Bengaluru,2,0.3,1177.57,67.56
ORD-0490,2025-07-11,Technology,Printers,South,Bengaluru,6,0.05,2340.67,347.44
ORD-0491,2025-12-09,Technology,Accessories,West,Pune,1,0.05,499.31,101.01
ORD-0492,2025-10-05,Technology,Printers,South,Hyderabad,9,0.05,3996.62,703.11
ORD-0493,2025-11-15,Office Supplies,Storage,South,Chennai,7,0.1,758.01,101.47
ORD-0494,2025-07-30,Furniture,Chairs,East,Bhubaneswar,7,0.0,2721.19,615.44
ORD-0495,2025-12-11,Furniture,Bookcases,East,Patna,8,0.0,2620.04,438.05
ORD-0496,2025-03-13,Office Supplies,Binders,West,Ahmedabad,9,0.2,605.57,74.17
ORD-0497,2025-08-10,Technology,Laptops,West,Mumbai,3,0.05,1062.78,229.61
ORD-0498,2025-03-13,Furniture,Tables,West,Ahmedabad,9,0.3,2190.53,84.71
ORD-0499,2025-03-17,Office Supplies,Storage,West,Ahmedabad,1,0.2,141.82,5.64
ORD-0500,2025-08-01,Office Supplies,Paper,East,Bhubaneswar,4,0.3,753.56,77.45
ORD-0501,2025-10-03,Furniture,Tables,South,Hyderabad,4,0.0,932.33,162.45
ORD-0502,2025-08-07,Technology,Printers,South,Bengaluru,7,0.3,3655.37,287.64
ORD-0503,2025-08-17,Office Supplies,Storage,East,Kolkata,1,0.05,151.17,28.99
ORD-0504,2025-04-06,Furniture,Tables,East,Kolkata,2,0.2,809.75,105.58
ORD-0505,2025-05-29,Furniture,Bookcases,North,Chandigarh,7,0.0,1204.69,192.29
ORD-0506,2025-11-09,Office Supplies,Paper,East,Bhubaneswar,4,0.0,589.79,131.32
ORD-0507,2025-07-27,Technology,Accessories,East,Bhubaneswar,9,0.2,3442.82,99.74
ORD-0508,2025-09-25,Furniture,Furnishings,East,Bhubaneswar,1,0.1,85.07,15.42
ORD-0509,2025-12-17,Furniture,Bookcases,East,Patna,1,0.2,329.26,34.96
ORD-0510,2025-04-12,Office Supplies,Binders,South,Bengaluru,5,0.2,300.26,45.21
ORD-0511,2025-05-19,Furniture,Chairs,North,Jaipur,8,0.15,2824.54,364.48
ORD-0512,2025-02-07,Office Supplies,Labels,South,Bengaluru,7,0.2,897.58,143.99
ORD-0513,2025-06-13,Office Supplies,Binders,North,Jaipur,4,0.15,559.04,74.55
ORD-0514,2025-08-26,Office Supplies,Binders,West,Ahmedabad,8,0.1,1614.47,305.81
ORD-0515,2025-07-27,Technology,Printers,West,Mumbai,2,0.3,554.95,28.46
ORD-0516,2025-04-28,Office Supplies,Storage,South,Bengaluru,9,0.05,1192.79,205.85
ORD-0517,2025-07-14,Technology,Accessories,East,Kolkata,1,0.05,300.55,62.53
ORD-0518,2025-06-25,Furniture,Furnishings,East,Patna,7,0.0,3384.31,523.92
ORD-0519,2025-12-06,Office Supplies,Storage,South,Hyderabad,1,0.2,102.52,10.29
ORD-0520,2025-10-29,Technology,Accessories,South,Bengaluru,9,0.2,4632.38,505.92
ORD-0521,2025-04-22,Furniture,Tables,North,Jaipur,7,0.15,2499.46,439.69
ORD-0522,2025-05-18,Furniture,Furnishings,East,Bhubaneswar,9,0.15,2888.82,84.75
ORD-0523,2025-08-25,Office Supplies,Paper,West,Mumbai,5,0.2,384.1,42.04
ORD-0524,2025-12-26,Technology,Accessories,West,Pune,3,0.3,1304.11,158.83
ORD-0525,2025-08-08,Technology,Accessories,South,Hyderabad,9,0.15,3235.58,103.97
ORD-0526,2025-04-21,Furniture,Tables,West,Mumbai,1,0.0,255.91,26.47
ORD-0527,2025-07-28,Office Supplies,Binders,North,Jaipur,6,0.3,174.59,19.55
ORD-0528,2025-06-15,Technology,Laptops,North,Delhi,1,0.3,398.25,51.85
ORD-0529,2025-05-23,Furniture,Tables,East,Kolkata,6,0.2,2272.84,101.65
ORD-0530,2025-11-01,Technology,Phones,South,Bengaluru,7,0.0,3919.79,714.52
ORD-0531,2025-07-17,Office Supplies,Binders,West,Pune,2,0.3,244.95,29.06
ORD-0532,2025-01-19,Technology,Printers,East,Patna,3,0.0,1561.15,296.93
ORD-0533,2025-02-13,Technology,Accessories,West,Pune,8,0.1,2797.6,583.54
ORD-0534,2025-11-10,Furniture,Furnishings,North,Chandigarh,5,0.3,524.7,3.1
ORD-0535,2025-12-12,Technology,Printers,West,Pune,2,0.1,422.94,37.89
ORD-0536,2025-12-30,Technology,Laptops,West,Ahmedabad,3,0.05,1501.95,174.71
ORD-0537,2025-05-26,Technology,Laptops,South,Bengaluru,2,0.15,669.09,68.89
ORD-0538,2025-05-02,Office Supplies,Storage,North,Chandigarh,4,0.2,785.43,130.04
ORD-0539,2025-04-06,Technology,Laptops,East,Bhubaneswar,9,0.1,5003.9,701.04
ORD-0540,2025-12-03,Office Supplies,Storage,North,Jaipur,9,0.1,412.98,42.86
ORD-0541,2025-07-12,Office Supplies,Binders,East,Bhubaneswar,4,0.2,730.02,130.2
ORD-0542,2025-09-27,Technology,Printers,West,Ahmedabad,1,0.05,218.74,18.15
ORD-0543,2025-05-05,Office Supplies,Storage,South,Chennai,5,0.3,694.63,74.3
ORD-0544,2025-01-25,Technology,Printers,West,Ahmedabad,9,0.3,1399.54,58.54
ORD-0545,2025-12-21,Technology,Phones,North,Chandigarh,4,0.1,1435.1,70.36
ORD-0546,2025-07-28,Office Supplies,Paper,East,Patna,2,0.15,221.1,7.43
ORD-0547,2025-08-31,Office Supplies,Storage,East,Kolkata,2,0.3,276.45,29.82
ORD-0548,2025-03-17,Technology,Accessories,West,Pune,4,0.3,2223.29,150.1
ORD-0549,2025-03-13,Technology,Accessories,East,Patna,7,0.15,3193.65,319.18
ORD-0550,2025-10-19,Office Supplies,Paper,East,Kolkata,5,0.2,367.9,9.3
ORD-0551,2025-03-17,Technology,Laptops,North,Jaipur,5,0.1,100.0,12.73
ORD-0552,2025-04-16,Office Supplies,Labels,East,Kolkata,5,0.2,521.29,72.58
ORD-0553,2025-11-15,Technology,Printers,North,Chandigarh,4,0.05,1176.54,84.87
ORD-0554,2025-02-03,Technology,Phones,East,Patna,6,0.2,2469.51,169.46
ORD-0555,2025-08-19,Technology,Accessories,West,Mumbai,3,0.0,656.94,68.31
ORD-0556,2025-12-09,Furniture,Tables,South,Hyderabad,5,0.3,1236.76,110.22
ORD-0557,2025-05-17,Technology,Laptops,North,Chandigarh,7,0.2,4518.07,710.41
ORD-0558,2025-07-06,Technology,Phones,West,Pune,4,0.05,1357.27,183.47
ORD-0559,2025-09-02,Technology,Phones,West,Pune,8,0.15,3880.09,504.58
ORD-0560,2025-08-13,Furniture,Furnishings,East,Kolkata,1,0.15,434.28,69.6
ORD-0561,2025-10-23,Office Supplies,Binders,West,Ahmedabad,2,0.15,315.63,16.82
ORD-0562,2025-05-24,Office Supplies,Binders,South,Hyderabad,2,0.15,277.9,7.71
ORD-0563,2025-09-23,Furniture,Furnishings,North,Delhi,8,0.3,3374.81,41.11
ORD-0564,2025-07-04,Technology,Printers,North,Chandigarh,4,0.05,1000.65,70.2
ORD-0565,2025-03-30,Office Supplies,Binders,West,Pune,2,0.05,156.01,10.11
ORD-0566,2025-03-01,Technology,Laptops,West,Ahmedabad,2,0.0,825.29,160.42
ORD-0567,2025-06-08,Office Supplies,Binders,East,Bhubaneswar,9,0.2,1149.82,16.32
ORD-0568,2025-05-26,Furniture,Tables,South,Hyderabad,8,0.3,3187.85,353.96
ORD-0569,2025-02-05,Office Supplies,Binders,West,Pune,4,0.2,628.03,102.4
ORD-0570,2025-10-21,Office Supplies,Paper,North,Chandigarh,3,0.2,448.44,25.22
ORD-0571,2025-08-19,Technology,Printers,North,Jaipur,6,0.3,3297.66,-11.04
ORD-0572,2025-06-18,Technology,Accessories,West,Mumbai,6,0.15,2974.01,410.31
ORD-0573,2025-07-25,Technology,Printers,East,Patna,1,0.3,268.53,17.95
ORD-0574,2025-05-13,Office Supplies,Storage,West,Ahmedabad,9,0.2,1147.3,28.06
ORD-0575,2025-11-21,Furniture,Tables,South,Hyderabad,9,0.15,2287.64,100.5
ORD-0576,2025-02-23,Technology,Accessories,South,Chennai,3,0.15,212.28,26.87
ORD-0577,2025-05-09,Office Supplies,Binders,North,Jaipur,1,0.2,168.18,21.54
ORD-0578,2025-12-30,Furniture,Furnishings,East,Kolkata,4,0.2,1185.31,63.59
ORD-0579,2025-04-12,Office Supplies,Storage,South,Chennai,9,0.2,906.29,131.78
ORD-0580,2025-12-12,Technology,Printers,West,Pune,3,0.05,528.74,59.84
ORD-0581,2025-08-28,Technology,Phones,West,Ahmedabad,7,0.3,3123.57,-52.55
ORD-0582,2025-10-02,Technology,Accessories,South,Bengaluru,6,0.3,3117.0,239.26
ORD-0583,2025-08-20,Office Supplies,Labels,North,Jaipur,8,0.1,1494.19,297.81
ORD-0584,2025-05-20,Office Supplies,Labels,South,Bengaluru,3,0.2,432.33,43.26
ORD-0585,2025-03-30,Office Supplies,Labels,North,Delhi,6,0.3,877.96,23.91
ORD-0586,2025-10-06,Furniture,Chairs,East,Kolkata,2,0.15,639.16,80.57
ORD-0587,2025-12-19,Technology,Phones,South,Hyderabad,4,0.3,1183.87,41.8
ORD-0588,2025-12-24,Furniture,Bookcases,South,Hyderabad,5,0.3,1499.09,127.72
ORD-0589,2025-01-07,Technology,Accessories,North,Chandigarh,6,0.05,2419.55,347.59
ORD-0590,2025-11-04,Furniture,Chairs,South,Bengaluru,1,0.0,262.42,28.24
ORD-0591,2025-08-06,Office Supplies,Labels,North,Jaipur,4,0.0,843.73,81.64
ORD-0592,2025-09-01,Technology,Printers,East,Bhubaneswar,9,0.05,5737.6,526.45
ORD-0593,2025-07-06,Office Supplies,Storage,East,Patna,4,0.3,562.07,58.1
ORD-0594,2025-10-05,Furniture,Furnishings,South,Bengaluru,2,0.15,1095.94,200.76
ORD-0595,2025-09-10,Furniture,Tables,North,Jaipur,1,0.15,196.77,6.76
ORD-0596,2025-09-11,Furniture,Chairs,South,Chennai,5,0.3,650.13,58.05
ORD-0597,2025-12-16,Furniture,Chairs,West,Pune,7,0.3,1666.42,57.93
ORD-0598,2025-10-01,Furniture,Bookcases,North,Chandigarh,3,0.1,1165.95,143.51
ORD-0599,2025-04-05,Office Supplies,Binders,North,Jaipur,4,0.05,372.41,73.91
ORD-0600,2025-01-25,Furniture,Furnishings,East,Bhubaneswar,7,0.0,1499.29,123.66
ORD-0601,2025-08-12,Technology,Accessories,South,Chennai,3,0.2,1871.13,279.42
ORD-0602,2025-11-26,Office Supplies,Paper,South,Hyderabad,7,0.05,1408.98,107.25
ORD-0603,2025-09-23,Furniture,Bookcases,East,Patna,3,0.2,859.79,147.81
ORD-0604,2025-12-06,Office Supplies,Labels,East,Bhubaneswar,4,0.1,385.82,21.43
ORD-0605,2025-07-14,Technology,Accessories,West,Mumbai,9,0.0,4825.32,1138.69
ORD-0606,2025-04-23,Office Supplies,Binders,North,Chandigarh,5,0.15,614.46,21.66
ORD-0607,2025-11-02,Office Supplies,Binders,West,Mumbai,9,0.0,460.99,41.51
ORD-0608,2025-01-18,Office Supplies,Paper,East,Kolkata,2,0.1,250.05,11.43
ORD-0609,2025-06-09,Office Supplies,Storage,West,Ahmedabad,9,0.0,943.42,79.04
ORD-0610,2025-01-06,Office Supplies,Labels,East,Bhubaneswar,8,0.3,938.43,54.78
ORD-0611,2025-12-04,Technology,Printers,South,Bengaluru,2,0.15,605.58,24.14
ORD-0612,2025-05-27,Technology,Phones,East,Patna,3,0.2,1449.91,183.91
ORD-0613,2025-07-12,Office Supplies,Paper,West,Mumbai,3,0.3,445.26,3.61
ORD-0614,2025-10-16,Office Supplies,Labels,West,Ahmedabad,3,0.15,542.01,89.0
ORD-0615,2025-04-09,Office Supplies,Paper,North,Chandigarh,2,0.3,193.75,8.42
ORD-0616,2025-06-22,Furniture,Tables,South,Chennai,8,0.15,4145.25,628.54
ORD-0617,2025-03-06,Furniture,Tables,West,Mumbai,6,0.1,2661.9,436.88
ORD-0618,2025-12-09,Furniture,Chairs,East,Bhubaneswar,1,0.2,177.28,15.99
ORD-0619,2025-03-29,Furniture,Chairs,West,Pune,3,0.05,730.93,51.07
ORD-0620,2025-04-19,Office Supplies,Storage,North,Delhi,9,0.2,1350.69,182.28
ORD-0621,2025-05-28,Furniture,Chairs,North,Jaipur,5,0.05,1012.6,64.4
ORD-0622,2025-03-16,Furniture,Chairs,North,Chandigarh,2,0.1,719.23,53.69
ORD-0623,2025-08-29,Furniture,Furnishings,East,Bhubaneswar,4,0.3,1443.36,121.47
ORD-0624,2025-12-11,Technology,Phones,West,Pune,2,0.2,109.09,16.12
ORD-0625,2025-11-25,Furniture,Furnishings,South,Chennai,1,0.15,200.86,32.52
ORD-0626,2025-05-14,Furniture,Chairs,North,Delhi,5,0.05,1244.92,92.07
ORD-0627,2025-01-10,Office Supplies,Storage,East,Patna,9,0.15,817.03,72.52
ORD-0628,2025-04-19,Furniture,Furnishings,East,Kolkata,9,0.05,1832.37,405.08
ORD-0629,2025-09-04,Technology,Accessories,North,Delhi,5,0.05,3748.84,754.39
ORD-0630,2025-04-05,Technology,Phones,South,Hyderabad,9,0.1,5118.9,273.18
ORD-0631,2025-09-24,Technology,Phones,South,Hyderabad,3,0.2,1164.4,58.97
ORD-0632,2025-09-03,Office Supplies,Labels,East,Bhubaneswar,8,0.15,502.06,31.7
ORD-0633,2025-06-06,Office Supplies,Storage,North,Jaipur,3,0.0,303.94,33.74
ORD-0634,2025-03-11,Office Supplies,Binders,East,Bhubaneswar,3,0.05,246.18,21.55
ORD-0635,2025-08-02,Technology,Printers,West,Mumbai,3,0.0,1738.14,248.45
ORD-0636,2025-09-27,Office Supplies,Storage,East,Patna,1,0.1,121.92,25.31
ORD-0637,2025-05-24,Furniture,Bookcases,North,Delhi,6,0.15,1616.03,209.27
ORD-0638,2025-01-07,Furniture,Chairs,East,Kolkata,2,0.15,504.65,26.46
ORD-0639,2025-05-06,Office Supplies,Storage,South,Hyderabad,9,0.1,1137.84,149.96
ORD-0640,2025-03-16,Technology,Laptops,West,Ahmedabad,6,0.2,2318.99,77.32
ORD-0641,2025-08-10,Office Supplies,Paper,South,Chennai,8,0.3,828.11,100.16
ORD-0642,2025-07-19,Technology,Phones,North,Jaipur,8,0.3,4472.07,80.02
ORD-0643,2025-10-10,Office Supplies,Binders,North,Jaipur,1,0.15,170.05,10.3
ORD-0644,2025-06-27,Office Supplies,Binders,North,Delhi,4,0.2,465.94,45.14
ORD-0645,2025-02-17,Furniture,Bookcases,West,Mumbai,3,0.15,713.18,76.45
ORD-0646,2025-09-30,Office Supplies,Paper,East,Patna,8,0.15,1065.74,49.71
ORD-0647,2025-03-20,Furniture,Tables,South,Chennai,6,0.1,2373.06,360.79
ORD-0648,2025-09-13,Office Supplies,Binders,West,Mumbai,4,0.0,416.68,49.03
ORD-0649,2025-12-15,Technology,Accessories,West,Pune,2,0.2,855.37,69.03
ORD-0650,2025-07-28,Technology,Accessories,South,Bengaluru,5,0.3,1258.2,154.46
ORD-0651,2025-09-02,Furniture,Furnishings,North,Delhi,6,0.05,2121.44,375.5
ORD-0652,2025-05-10,Technology,Printers,South,Chennai,4,0.2,1494.58,182.84
ORD-0653,2025-11-21,Office Supplies,Paper,East,Kolkata,5,0.0,552.05,97.73
ORD-0654,2025-09-22,Furniture,Tables,North,Chandigarh,4,0.3,1460.32,172.99
ORD-0655,2025-09-08,Office Supplies,Storage,North,Chandigarh,1,0.0,133.51,26.69
ORD-0656,2025-06-20,Technology,Phones,South,Chennai,1,0.15,476.47,32.1
ORD-0657,2025-10-17,Office Supplies,Labels,South,Bengaluru,7,0.0,592.65,86.89
ORD-0658,2025-06-20,Office Supplies,Paper,North,Delhi,7,0.2,1114.52,107.56
ORD-0659,2025-10-13,Office Supplies,Storage,South,Chennai,2,0.05,263.3,60.63
ORD-0660,2025-03-09,Office Supplies,Binders,South,Hyderabad,1,0.15,119.06,20.74
ORD-0661,2025-09-08,Technology,Laptops,South,Hyderabad,3,0.1,1404.62,165.45
ORD-0662,2025-10-13,Technology,Printers,East,Bhubaneswar,6,0.1,1645.0,327.19
ORD-0663,2025-01-31,Furniture,Chairs,South,Bengaluru,2,0.3,378.17,33.88
ORD-0664,2025-02-25,Office Supplies,Labels,South,Chennai,7,0.1,528.8,53.13
ORD-0665,2025-11-04,Technology,Laptops,North,Delhi,5,0.1,1616.28,203.67
ORD-0666,2025-03-02,Office Supplies,Labels,West,Ahmedabad,6,0.05,741.44,110.85
ORD-0667,2025-09-30,Office Supplies,Binders,West,Ahmedabad,9,0.05,1112.94,140.9
ORD-0668,2025-04-06,Furniture,Tables,West,Ahmedabad,3,0.05,1684.18,153.24
ORD-0669,2025-05-30,Technology,Phones,West,Pune,9,0.2,2641.2,206.69
ORD-0670,2025-10-06,Office Supplies,Binders,North,Delhi,7,0.05,963.54,94.6
ORD-0671,2025-02-05,Technology,Accessories,South,Hyderabad,7,0.2,3764.43,359.98
ORD-0672,2025-04-29,Office Supplies,Labels,East,Bhubaneswar,3,0.1,343.1,26.64
ORD-0673,2025-03-12,Technology,Phones,North,Jaipur,3,0.1,1604.89,91.06
ORD-0674,2025-04-13,Technology,Laptops,West,Pune,7,0.05,4136.22,677.92
ORD-0675,2025-04-07,Office Supplies,Binders,West,Mumbai,3,0.15,261.56,33.91
ORD-0676,2025-10-11,Office Supplies,Storage,South,Chennai,1,0.3,76.95,4.24
ORD-0677,2025-07-18,Furniture,Bookcases,West,Pune,9,0.05,1651.09,306.77
ORD-0678,2025-12-10,Furniture,Chairs,South,Hyderabad,8,0.3,3363.53,86.3
ORD-0679,2025-12-18,Technology,Phones,North,Chandigarh,9,0.15,5071.58,937.89
ORD-0680,2025-07-22,Technology,Printers,South,Bengaluru,5,0.2,1787.63,152.74
ORD-0681,2025-10-01,Technology,Laptops,North,Delhi,4,0.0,1644.87,380.52
ORD-0682,2025-02-16,Technology,Printers,South,Chennai,9,0.2,4894.41,262.83
ORD-0683,2025-12-12,Furniture,Chairs,East,Patna,4,0.3,2020.39,279.75
ORD-0684,2025-10-25,Furniture,Chairs,East,Bhubaneswar,3,0.0,859.45,112.48
ORD-0685,2025-12-29,Furniture,Furnishings,East,Patna,1,0.15,258.73,41.92
ORD-0686,2025-11-06,Furniture,Tables,South,Hyderabad,1,0.0,405.17,33.79
ORD-0687,2025-12-14,Technology,Printers,South,Hyderabad,6,0.0,1626.98,190.77
ORD-0688,2025-01-26,Technology,Laptops,East,Kolkata,9,0.2,4741.61,354.11
ORD-0689,2025-01-02,Technology,Printers,North,Chandigarh,1,0.2,459.41,52.88
ORD-0690,2025-10-31,Office Supplies,Labels,South,Hyderabad,4,0.05,639.52,42.37
ORD-0691,2025-09-11,Furniture,Chairs,East,Kolkata,2,0.1,699.53,90.03
ORD-0692,2025-09-29,Office Supplies,Labels,West,Pune,3,0.05,269.2,59.69
ORD-0693,2025-01-18,Furniture,Chairs,West,Pune,4,0.1,1359.24,105.47
ORD-0694,2025-02-22,Furniture,Bookcases,South,Chennai,5,0.1,2145.87,344.77
ORD-0695,2025-01-23,Technology,Accessories,South,Hyderabad,5,0.2,3969.98,233.04
ORD-0696,2025-09-24,Furniture,Furnishings,North,Delhi,6,0.05,2159.42,379.79
ORD-0697,2025-09-23,Furniture,Tables,East,Bhubaneswar,6,0.0,735.64,161.6
ORD-0698,2025-09-14,Technology,Accessories,South,Chennai,7,0.15,3363.14,192.31
ORD-0699,2025-05-12,Office Supplies,Paper,South,Hyderabad,2,0.0,269.88,54.68
ORD-0700,2025-05-20,Technology,Phones,East,Patna,9,0.05,4321.56,658.48
ORD-0701,2025-07-31,Technology,Phones,West,Pune,8,0.2,2900.68,353.63
ORD-0702,2025-08-24,Furniture,Chairs,South,Hyderabad,2,0.3,879.47,117.49
ORD-0703,2025-10-21,Office Supplies,Storage,North,Delhi,6,0.05,616.21,134.94
ORD-0704,2025-10-21,Technology,Phones,East,Bhubaneswar,8,0.1,4622.32,275.11
ORD-0705,2025-02-26,Office Supplies,Labels,South,Hyderabad,7,0.15,140.0,6.38
ORD-0706,2025-03-15,Office Supplies,Labels,South,Chennai,9,0.15,841.9,77.25
ORD-0707,2025-08-14,Office Supplies,Paper,East,Patna,9,0.05,1525.11,121.39
ORD-0708,2025-09-03,Furniture,Furnishings,East,Patna,2,0.3,555.36,19.18
ORD-0709,2025-12-09,Furniture,Tables,West,Mumbai,4,0.2,1496.96,193.33
ORD-0710,2025-12-16,Technology,Accessories,South,Hyderabad,3,0.05,2648.73,506.76
ORD-0711,2025-11-05,Technology,Phones,West,Pune,9,0.2,5288.37,200.86
ORD-0712,2025-03-31,Technology,Accessories,North,Jaipur,8,0.1,3561.69,222.26
ORD-0713,2025-03-18,Office Supplies,Binders,East,Bhubaneswar,5,0.2,445.01,34.26
ORD-0714,2025-09-11,Office Supplies,Labels,West,Ahmedabad,9,0.2,1148.51,116.4
ORD-0715,2025-06-30,Technology,Printers,North,Delhi,2,0.15,873.8,124.51
ORD-0716,2025-07-17,Technology,Printers,West,Mumbai,1,0.15,640.85,42.22
ORD-0717,2025-12-07,Furniture,Chairs,East,Kolkata,1,0.2,269.55,47.87
ORD-0718,2025-10-27,Office Supplies,Storage,North,Chandigarh,5,0.0,524.06,49.65
ORD-0719,2025-10-11,Furniture,Tables,West,Pune,8,0.2,2205.27,275.71
ORD-0720,2025-02-02,Furniture,Tables,South,Hyderabad,7,0.0,1125.24,236.42
ORD-0721,2025-05-23,Office Supplies,Binders,East,Kolkata,6,0.3,502.52,11.59
ORD-0722,2025-12-02,Technology,Printers,East,Bhubaneswar,8,0.15,1555.1,300.95
ORD-0723,2025-01-09,Furniture,Furnishings,North,Jaipur,5,0.0,1144.97,207.03
ORD-0724,2025-07-26,Furniture,Bookcases,North,Chandigarh,4,0.2,740.37,43.81
ORD-0725,2025-09-08,Furniture,Furnishings,South,Hyderabad,8,0.05,3204.54,525.95
ORD-0726,2025-02-28,Office Supplies,Binders,West,Mumbai,9,0.15,1158.47,131.24
ORD-0727,2025-08-27,Technology,Printers,West,Ahmedabad,8,0.0,3789.28,765.19
ORD-0728,2025-01-27,Furniture,Bookcases,North,Jaipur,4,0.3,375.78,15.27
ORD-0729,2025-04-24,Office Supplies,Binders,North,Chandigarh,9,0.05,1316.31,267.21
ORD-0730,2025-05-25,Furniture,Bookcases,East,Kolkata,2,0.2,679.64,105.91
ORD-0731,2025-12-22,Technology,Laptops,South,Bengaluru,4,0.0,1703.73,184.43
ORD-0732,2025-02-24,Technology,Laptops,South,Hyderabad,9,0.2,6187.94,117.09
ORD-0733,2025-05-08,Furniture,Tables,South,Chennai,3,0.0,564.17,72.16
ORD-0734,2025-05-25,Technology,Phones,North,Delhi,5,0.05,2298.2,196.16
ORD-0735,2025-06-20,Furniture,Chairs,West,Pune,3,0.2,1024.68,148.21
ORD-0736,2025-09-19,Office Supplies,Labels,South,Chennai,9,0.0,1179.62,251.83
ORD-0737,2025-07-01,Furniture,Furnishings,East,Bhubaneswar,9,0.2,1143.71,171.58
ORD-0738,2025-10-04,Office Supplies,Paper,East,Bhubaneswar,3,0.0,436.18,68.08
ORD-0739,2025-02-24,Office Supplies,Paper,South,Hyderabad,4,0.2,382.43,34.53
ORD-0740,2025-03-28,Office Supplies,Binders,East,Kolkata,9,0.0,982.45,183.02
ORD-0741,2025-07-10,Office Supplies,Labels,East,Bhubaneswar,4,0.1,803.97,136.38
ORD-0742,2025-03-22,Office Supplies,Paper,South,Chennai,7,0.15,942.77,41.47
ORD-0743,2025-07-23,Technology,Phones,North,Chandigarh,4,0.1,934.76,58.55
ORD-0744,2025-09-25,Technology,Laptops,North,Jaipur,2,0.0,1063.77,239.15
ORD-0745,2025-12-01,Office Supplies,Storage,North,Delhi,9,0.2,1047.94,102.02
ORD-0746,2025-08-01,Office Supplies,Paper,West,Mumbai,1,0.2,183.42,17.57
ORD-0747,2025-04-13,Technology,Accessories,West,Pune,6,0.1,3165.87,522.95
ORD-0748,2025-03-13,Office Supplies,Paper,North,Chandigarh,6,0.3,705.51,61.52
ORD-0749,2025-07-20,Furniture,Furnishings,South,Chennai,8,0.15,1769.7,300.61
ORD-0750,2025-08-23,Technology,Printers,West,Pune,6,0.15,1522.28,101.47
ORD-0751,2025-01-01,Technology,Accessories,West,Mumbai,7,0.2,3042.91,398.31
ORD-0752,2025-05-26,Technology,Printers,West,Ahmedabad,2,0.05,271.85,41.14
ORD-0753,2025-11-14,Furniture,Chairs,West,Ahmedabad,9,0.05,3418.13,250.88
ORD-0754,2025-02-13,Furniture,Tables,East,Bhubaneswar,6,0.05,2763.46,368.8
ORD-0755,2025-03-15,Technology,Accessories,South,Bengaluru,3,0.05,1920.12,161.02
ORD-0756,2025-07-30,Technology,Phones,West,Pune,5,0.05,1047.36,66.78
ORD-0757,2025-01-04,Furniture,Chairs,West,Pune,8,0.15,1444.77,145.89
ORD-0758,2025-06-04,Technology,Laptops,South,Hyderabad,6,0.0,1856.28,206.21
ORD-0759,2025-09-06,Technology,Phones,North,Chandigarh,4,0.1,1410.6,247.22
ORD-0760,2025-08-04,Technology,Accessories,East,Patna,5,0.15,1838.09,316.71
ORD-0761,2025-09-25,Technology,Phones,North,Delhi,8,0.3,740.59,53.03
ORD-0762,2025-08-06,Technology,Accessories,West,Mumbai,7,0.2,2130.96,227.55
ORD-0763,2025-03-16,Furniture,Tables,East,Patna,7,0.15,2398.2,197.56
ORD-0764,2025-02-08,Technology,Phones,West,Ahmedabad,1,0.2,419.73,66.11
ORD-0765,2025-06-15,Office Supplies,Storage,South,Bengaluru,2,0.15,261.47,8.91
ORD-0766,2025-10-05,Furniture,Chairs,West,Mumbai,2,0.2,767.13,12.15
ORD-0767,2025-08-31,Furniture,Chairs,North,Chandigarh,2,0.3,540.99,-0.14
ORD-0768,2025-11-11,Office Supplies,Binders,North,Delhi,5,0.15,558.41,97.76
ORD-0769,2025-12-16,Office Supplies,Labels,North,Jaipur,7,0.3,720.56,29.35
ORD-0770,2025-02-17,Office Supplies,Paper,East,Bhubaneswar,3,0.0,282.28,67.32
ORD-0771,2025-09-17,Office Supplies,Binders,East,Patna,3,0.1,419.04,20.61
ORD-0772,2025-02-08,Office Supplies,Storage,North,Delhi,6,0.3,1051.77,-22.42
ORD-0773,2025-07-12,Technology,Accessories,South,Chennai,3,0.0,568.68,133.65
ORD-0774,2025-07-29,Furniture,Bookcases,East,Patna,5,0.0,1638.92,250.05
ORD-0775,2025-04-24,Furniture,Chairs,East,Bhubaneswar,4,0.3,886.24,115.53
ORD-0776,2025-07-08,Office Supplies,Paper,South,Bengaluru,5,0.2,609.15,78.53
ORD-0777,2025-09-11,Technology,Laptops,West,Mumbai,1,0.05,449.27,79.31
ORD-0778,2025-12-24,Office Supplies,Binders,South,Chennai,9,0.1,1220.17,127.91
ORD-0779,2025-01-21,Furniture,Bookcases,West,Pune,8,0.0,2221.5,376.76
ORD-0780,2025-10-12,Furniture,Tables,South,Bengaluru,6,0.15,2542.74,151.29
ORD-0781,2025-08-20,Technology,Laptops,East,Patna,6,0.3,2790.47,403.82
ORD-0782,2025-08-04,Furniture,Chairs,East,Patna,3,0.0,713.1,132.89
ORD-0783,2025-02-11,Furniture,Bookcases,North,Delhi,7,0.05,1277.33,108.03
ORD-0784,2025-03-28,Office Supplies,Paper,East,Kolkata,4,0.0,644.74,63.16
ORD-0785,2025-02-22,Office Supplies,Paper,South,Bengaluru,2,0.05,257.38,18.55
ORD-0786,2025-07-28,Office Supplies,Storage,West,Mumbai,1,0.2,96.75,1.52
ORD-0787,2025-11-07,Furniture,Bookcases,East,Bhubaneswar,8,0.05,2371.5,343.17
ORD-0788,2025-08-31,Technology,Laptops,East,Patna,6,0.0,1192.96,166.58
ORD-0789,2025-11-21,Office Supplies,Binders,East,Patna,3,0.0,150.17,34.88
ORD-0790,2025-05-12,Technology,Accessories,South,Hyderabad,4,0.05,1616.34,288.96
ORD-0791,2025-04-22,Technology,Phones,North,Jaipur,6,0.05,3488.6,522.43
ORD-0792,2025-04-19,Technology,Accessories,South,Chennai,4,0.2,641.72,17.07
ORD-0793,2025-06-18,Technology,Printers,West,Mumbai,2,0.15,1521.44,204.46
ORD-0794,2025-09-30,Technology,Laptops,South,Hyderabad,3,0.0,1546.17,235.35
ORD-0795,2025-02-28,Technology,Laptops,West,Pune,1,0.1,566.94,47.06
ORD-0796,2025-09-27,Office Supplies,Binders,West,Mumbai,7,0.15,652.55,52.38
ORD-0797,2025-06-20,Office Supplies,Binders,West,Pune,1,0.05,99.88,10.79
ORD-0798,2025-05-23,Office Supplies,Paper,South,Bengaluru,6,0.05,1297.89,87.32
ORD-0799,2025-06-21,Furniture,Tables,South,Hyderabad,7,0.1,2613.93,503.58
ORD-0800,2025-07-29,Technology,Laptops,North,Chandigarh,4,0.05,1033.5,65.83
ORD-0801,2025-12-19,Office Supplies,Paper,West,Ahmedabad,4,0.15,481.0,64.76
ORD-0802,2025-02-01,Office Supplies,Paper,North,Chandigarh,1,0.3,156.06,9.94
ORD-0803,2025-07-04,Technology,Phones,East,Bhubaneswar,9,0.2,2381.66,390.68
ORD-0804,2025-09-03,Technology,Accessories,North,Chandigarh,9,0.15,6630.62,318.03
ORD-0805,2025-11-29,Furniture,Tables,West,Pune,5,0.1,2432.45,258.66
ORD-0806,2025-02-24,Office Supplies,Binders,East,Patna,3,0.2,301.94,4.79
ORD-0807,2025-10-26,Furniture,Furnishings,North,Chandigarh,1,0.05,277.32,29.06
ORD-0808,2025-02-13,Office Supplies,Binders,North,Chandigarh,6,0.2,956.24,48.0
ORD-0809,2025-09-21,Technology,Accessories,North,Chandigarh,2,0.1,1354.21,62.92
ORD-0810,2025-03-24,Technology,Laptops,East,Bhubaneswar,2,0.05,738.6,140.4
ORD-0811,2025-04-07,Office Supplies,Paper,East,Kolkata,7,0.2,500.4,42.45
ORD-0812,2025-01-22,Technology,Phones,South,Hyderabad,1,0.1,383.87,46.52
ORD-0813,2025-10-09,Furniture,Tables,North,Chandigarh,7,0.0,140.0,24.67
ORD-0814,2025-04-16,Office Supplies,Binders,South,Bengaluru,8,0.05,1083.14,175.64
ORD-0815,2025-07-05,Furniture,Tables,North,Jaipur,6,0.05,1711.68,262.09
ORD-0816,2025-04-14,Furniture,Tables,East,Patna,2,0.0,865.39,160.88
ORD-0817,2025-01-09,Furniture,Chairs,East,Patna,4,0.1,1501.74,305.67
ORD-0818,2025-04-30,Technology,Accessories,East,Bhubaneswar,6,0.0,2550.93,514.1
ORD-0819,2025-11-19,Furniture,Chairs,West,Mumbai,9,0.1,3580.05,164.07
ORD-0820,2025-05-10,Furniture,Furnishings,North,Delhi,5,0.2,1884.25,149.18
ORD-0821,2025-11-10,Technology,Laptops,West,Ahmedabad,3,0.05,1157.64,254.4
ORD-0822,2025-09-15,Furniture,Chairs,West,Ahmedabad,8,0.05,2500.9,445.52
ORD-0823,2025-11-30,Office Supplies,Binders,North,Jaipur,9,0.3,1378.16,145.88
ORD-0824,2025-07-17,Office Supplies,Paper,East,Bhubaneswar,7,0.15,917.35,100.69
ORD-0825,2025-09-01,Office Supplies,Storage,East,Bhubaneswar,3,0.3,421.75,47.18
ORD-0826,2025-03-10,Office Supplies,Paper,North,Jaipur,3,0.1,429.0,30.24
ORD-0827,2025-06-23,Furniture,Chairs,East,Bhubaneswar,5,0.1,1514.15,104.96
ORD-0828,2025-01-02,Technology,Phones,East,Patna,7,0.2,3543.55,531.01
ORD-0829,2025-01-20,Technology,Phones,North,Delhi,6,0.0,1931.83,405.83
ORD-0830,2025-01-01,Furniture,Chairs,East,Kolkata,3,0.2,1014.43,160.59
ORD-0831,2025-10-18,Furniture,Chairs,North,Jaipur,5,0.0,675.32,146.29
ORD-0832,2025-03-10,Office Supplies,Paper,West,Ahmedabad,8,0.3,1151.75,140.86
ORD-0833,2025-11-28,Furniture,Furnishings,West,Pune,7,0.15,2006.16,99.13
ORD-0834,2025-07-07,Office Supplies,Labels,South,Hyderabad,2,0.15,246.74,10.84
ORD-0835,2025-10-07,Technology,Printers,North,Chandigarh,2,0.1,586.76,42.45
ORD-0836,2025-03-20,Office Supplies,Storage,North,Chandigarh,1,0.0,130.48,28.51
ORD-0837,2025-07-05,Office Supplies,Paper,East,Kolkata,4,0.2,704.49,103.51
ORD-0838,2025-03-14,Technology,Phones,East,Bhubaneswar,1,0.2,509.83,68.03
ORD-0839,2025-02-03,Office Supplies,Binders,East,Kolkata,4,0.2,544.3,15.28
ORD-0840,2025-03-21,Office Supplies,Paper,North,Chandigarh,7,0.1,853.51,117.36
ORD-0841,2025-01-21,Furniture,Furnishings,East,Kolkata,2,0.0,347.04,57.12
ORD-0842,2025-04-02,Technology,Phones,South,Hyderabad,5,0.2,1517.91,76.48
ORD-0843,2025-09-14,Furniture,Bookcases,North,Jaipur,5,0.2,1846.21,286.04
ORD-0844,2025-09-12,Technology,Laptops,East,Bhubaneswar,8,0.1,2587.02,514.83
ORD-0845,2025-01-24,Technology,Phones,South,Bengaluru,6,0.15,1868.87,224.49
ORD-0846,2025-11-16,Technology,Laptops,North,Jaipur,8,0.15,5057.71,765.58
ORD-0847,2025-08-23,Furniture,Tables,North,Jaipur,1,0.1,305.31,21.59
ORD-0848,2025-01-29,Technology,Phones,North,Jaipur,2,0.1,1369.29,79.65
ORD-0849,2025-11-02,Technology,Accessories,West,Pune,6,0.1,3802.22,475.75
ORD-0850,2025-08-17,Office Supplies,Labels,North,Jaipur,2,0.3,284.6,17.67
ORD-0851,2025-07-10,Furniture,Bookcases,North,Jaipur,3,0.1,1174.29,185.73
ORD-0852,2025-05-31,Furniture,Furnishings,West,Pune,5,0.15,1998.13,75.9
ORD-0853,2025-04-11,Furniture,Chairs,East,Patna,5,0.1,1219.52,87.95
ORD-0854,2025-11-18,Office Supplies,Binders,East,Kolkata,2,0.2,252.68,11.55
ORD-0855,2025-11-22,Technology,Printers,South,Bengaluru,3,0.2,1245.05,33.82
ORD-0856,2025-07-22,Technology,Printers,East,Patna,6,0.3,2345.95,-2.32
ORD-0857,2025-06-05,Office Supplies,Labels,North,Jaipur,8,0.05,700.68,105.94
ORD-0858,2025-10-11,Technology,Printers,North,Chandigarh,2,0.3,1407.0,61.04
ORD-0859,2025-11-05,Technology,Laptops,South,Hyderabad,8,0.05,3223.25,284.42
ORD-0860,2025-07-09,Office Supplies,Storage,West,Ahmedabad,7,0.15,690.3,24.53
ORD-0861,2025-12-30,Technology,Laptops,West,Pune,9,0.1,5222.44,679.95
ORD-0862,2025-08-28,Furniture,Tables,West,Ahmedabad,8,0.1,2532.7,282.19
ORD-0863,2025-12-28,Office Supplies,Storage,South,Bengaluru,3,0.05,469.02,42.8
ORD-0864,2025-04-18,Technology,Phones,West,Pune,9,0.1,5198.11,1022.04
ORD-0865,2025-07-10,Technology,Accessories,West,Pune,4,0.2,3151.37,392.12
ORD-0866,2025-10-13,Office Supplies,Labels,South,Chennai,6,0.1,945.46,73.18
ORD-0867,2025-09-19,Furniture,Furnishings,South,Bengaluru,8,0.2,3406.15,352.2
ORD-0868,2025-09-03,Furniture,Bookcases,West,Mumbai,1,0.3,430.7,3.51
ORD-0869,2025-09-14,Office Supplies,Storage,West,Ahmedabad,4,0.2,534.91,14.67
ORD-0870,2025-03-28,Furniture,Tables,South,Hyderabad,3,0.05,462.37,103.7
ORD-0871,2025-11-19,Technology,Printers,South,Hyderabad,7,0.3,2136.23,230.92
ORD-0872,2025-10-29,Furniture,Bookcases,East,Kolkata,6,0.3,2712.97,164.58
ORD-0873,2025-08-24,Technology,Laptops,West,Ahmedabad,1,0.3,443.45,9.23
ORD-0874,2025-07-24,Technology,Printers,North,Delhi,5,0.05,3038.53,524.49
ORD-0875,2025-05-21,Technology,Printers,East,Kolkata,1,0.05,428.96,75.57
ORD-0876,2025-06-26,Technology,Accessories,West,Pune,1,0.0,329.15,66.46
ORD-0877,2025-07-25,Furniture,Bookcases,North,Chandigarh,7,0.3,1931.65,103.0
ORD-0878,2025-06-29,Technology,Printers,East,Kolkata,6,0.1,1753.15,319.04
ORD-0879,2025-11-27,Office Supplies,Storage,South,Hyderabad,8,0.1,1497.04,111.99
ORD-0880,2025-12-28,Technology,Accessories,East,Patna,8,0.0,4524.27,714.36
ORD-0881,2025-06-01,Office Supplies,Storage,East,Kolkata,1,0.05,211.26,34.11
ORD-0882,2025-02-02,Furniture,Bookcases,West,Ahmedabad,4,0.05,1493.32,261.9
ORD-0883,2025-12-13,Technology,Printers,West,Pune,9,0.15,4379.55,634.29
ORD-0884,2025-03-08,Furniture,Bookcases,East,Patna,7,0.2,2762.6,418.93
ORD-0885,2025-10-16,Furniture,Furnishings,North,Jaipur,1,0.15,82.18,14.23
ORD-0886,2025-04-24,Office Supplies,Storage,South,Hyderabad,4,0.0,476.3,91.57
ORD-0887,2025-06-30,Furniture,Furnishings,South,Bengaluru,9,0.15,1956.52,338.71
ORD-0888,2025-06-25,Furniture,Chairs,East,Bhubaneswar,9,0.05,3332.32,659.96
ORD-0889,2025-08-14,Technology,Printers,East,Patna,6,0.2,1859.66,318.16
ORD-0890,2025-09-01,Office Supplies,Labels,South,Bengaluru,6,0.1,768.95,67.56
ORD-0891,2025-05-13,Furniture,Chairs,West,Pune,7,0.1,825.9,129.38
ORD-0892,2025-11-27,Technology,Phones,South,Bengaluru,6,0.0,2909.31,264.2
ORD-0893,2025-04-23,Furniture,Tables,South,Chennai,6,0.3,2194.98,174.77
ORD-0894,2025-04-23,Furniture,Tables,West,Pune,1,0.1,270.91,24.54
ORD-0895,2025-11-14,Office Supplies,Binders,North,Jaipur,1,0.05,149.66,20.78
ORD-0896,2025-10-17,Office Supplies,Paper,South,Chennai,4,0.2,680.05,78.71
ORD-0897,2025-11-19,Furniture,Furnishings,North,Jaipur,2,0.3,356.02,-2.1
ORD-0898,2025-10-22,Technology,Printers,West,Ahmedabad,1,0.0,177.6,32.44
ORD-0899,2025-02-18,Technology,Laptops,East,Kolkata,4,0.0,2404.4,251.71
ORD-0900,2025-08-13,Furniture,Chairs,South,Chennai,7,0.05,1998.55,410.68
ORD-0901,2025-05-21,Technology,Accessories,East,Kolkata,7,0.0,3828.67,856.61
ORD-0902,2025-01-31,Office Supplies,Storage,North,Chandigarh,2,0.0,221.53,23.59
ORD-0903,2025-01-16,Technology,Accessories,North,Chandigarh,7,0.05,4289.85,437.75
ORD-0904,2025-03-12,Technology,Laptops,North,Chandigarh,9,0.1,3472.43,551.37
ORD-0905,2025-11-20,Office Supplies,Storage,South,Chennai,6,0.0,710.11,140.87
ORD-0906,2025-04-02,Office Supplies,Binders,South,Bengaluru,1,0.0,46.3,7.81
ORD-0907,2025-07-25,Furniture,Furnishings,East,Bhubaneswar,1,0.3,195.84,0.26
ORD-0908,2025-04-28,Furniture,Furnishings,North,Delhi,5,0.0,1209.31,250.42
ORD-0909,2025-05-29,Furniture,Chairs,South,Hyderabad,8,0.1,1738.52,338.82
ORD-0910,2025-05-30,Office Supplies,Storage,South,Bengaluru,1,0.1,61.44,10.27
ORD-0911,2025-11-30,Technology,Phones,East,Kolkata,8,0.0,4745.71,983.93
ORD-0912,2025-10-23,Technology,Laptops,West,Mumbai,1,0.2,690.4,76.9
ORD-0913,2025-08-14,Furniture,Bookcases,North,Delhi,6,0.1,1908.11,333.72
ORD-0914,2025-01-22,Technology,Laptops,North,Chandigarh,9,0.0,4394.76,628.96
ORD-0915,2025-09-10,Furniture,Bookcases,West,Pune,6,0.15,3649.46,703.82
ORD-0916,2025-02-08,Technology,Laptops,East,Bhubaneswar,7,0.1,1966.66,361.91
ORD-0917,2025-11-10,Furniture,Chairs,South,Hyderabad,8,0.2,2968.24,72.78
ORD-0918,2025-10-26,Furniture,Tables,East,Patna,6,0.1,1630.31,98.45
ORD-0919,2025-10-30,Furniture,Chairs,West,Pune,9,0.05,2321.14,239.53
ORD-0920,2025-04-04,Furniture,Tables,East,Bhubaneswar,5,0.1,1928.28,270.25
ORD-0921,2025-05-28,Furniture,Bookcases,South,Hyderabad,7,0.15,1762.85,271.58
ORD-0922,2025-10-07,Technology,Laptops,South,Hyderabad,4,0.2,1668.59,28.5
ORD-0923,2025-06-01,Office Supplies,Storage,North,Delhi,6,0.3,1045.27,129.49
ORD-0924,2025-06-14,Office Supplies,Storage,East,Kolkata,1,0.05,228.69,29.88
ORD-0925,2025-05-18,Technology,Phones,East,Patna,3,0.05,1938.99,218.33
ORD-0926,2025-01-22,Furniture,Bookcases,East,Patna,2,0.3,264.27,30.14
ORD-0927,2025-04-15,Office Supplies,Paper,East,Kolkata,6,0.0,611.53,64.93
ORD-0928,2025-09-29,Office Supplies,Storage,East,Kolkata,1,0.1,106.22,6.14
ORD-0929,2025-07-11,Office Supplies,Paper,North,Delhi,6,0.0,554.51,125.22
ORD-0930,2025-07-21,Furniture,Furnishings,South,Chennai,8,0.15,2181.34,306.38
ORD-0931,2025-12-10,Office Supplies,Paper,South,Hyderabad,2,0.0,274.35,48.54
ORD-0932,2025-02-11,Office Supplies,Paper,South,Hyderabad,5,0.0,483.95,44.81
ORD-0933,2025-11-16,Office Supplies,Paper,North,Delhi,9,0.15,621.86,64.63
ORD-0934,2025-01-09,Office Supplies,Storage,South,Chennai,1,0.0,133.65,14.32
ORD-0935,2025-03-03,Technology,Accessories,South,Hyderabad,4,0.05,2074.1,230.91
ORD-0936,2025-07-23,Furniture,Furnishings,South,Bengaluru,3,0.3,803.78,80.58
ORD-0937,2025-06-16,Furniture,Tables,South,Bengaluru,2,0.15,917.33,68.02
ORD-0938,2025-04-20,Furniture,Bookcases,North,Chandigarh,1,0.05,75.97,10.05
ORD-0939,2025-01-01,Technology,Printers,North,Delhi,5,0.2,826.95,22.05
ORD-0940,2025-10-11,Furniture,Chairs,South,Chennai,3,0.2,813.42,68.04
ORD-0941,2025-01-08,Office Supplies,Storage,North,Chandigarh,5,0.3,331.59,-5.35
ORD-0942,2025-05-10,Technology,Printers,West,Mumbai,5,0.0,2453.73,294.56
ORD-0943,2025-08-03,Office Supplies,Paper,East,Kolkata,2,0.05,291.13,43.81
ORD-0944,2025-01-15,Technology,Phones,North,Chandigarh,5,0.15,1811.26,332.64
ORD-0945,2025-06-15,Office Supplies,Binders,East,Patna,5,0.05,739.89,67.24
ORD-0946,2025-04-25,Technology,Laptops,South,Hyderabad,7,0.15,1338.44,152.28
ORD-0947,2025-12-25,Furniture,Furnishings,South,Chennai,1,0.3,391.45,11.97
ORD-0948,2025-05-08,Furniture,Tables,North,Jaipur,7,0.05,3286.14,331.72
ORD-0949,2025-06-18,Office Supplies,Storage,South,Bengaluru,4,0.05,335.9,38.49
ORD-0950,2025-10-14,Technology,Phones,East,Kolkata,5,0.3,1010.54,31.19
ORD-0951,2025-04-06,Technology,Printers,South,Bengaluru,6,0.0,1977.84,161.52
ORD-0952,2025-05-18,Technology,Printers,East,Bhubaneswar,6,0.15,3527.98,311.86
ORD-0953,2025-06-18,Technology,Laptops,East,Kolkata,3,0.3,1945.1,113.97
ORD-0954,2025-07-05,Office Supplies,Binders,West,Pune,2,0.3,232.75,13.24
ORD-0955,2025-01-03,Office Supplies,Labels,West,Ahmedabad,3,0.15,274.67,45.0
ORD-0956,2025-06-14,Office Supplies,Binders,South,Hyderabad,4,0.1,689.96,107.11
ORD-0957,2025-06-21,Furniture,Furnishings,West,Ahmedabad,8,0.15,2252.12,278.59
ORD-0958,2025-01-04,Furniture,Chairs,North,Delhi,9,0.2,2885.75,383.05
ORD-0959,2025-11-10,Office Supplies,Binders,North,Jaipur,3,0.2,350.11,22.38
ORD-0960,2025-07-24,Office Supplies,Binders,South,Bengaluru,9,0.0,835.97,143.29
ORD-0961,2025-06-01,Technology,Accessories,West,Mumbai,2,0.15,1000.54,28.72
ORD-0962,2025-06-26,Office Supplies,Labels,South,Chennai,1,0.1,111.56,11.07
ORD-0963,2025-09-12,Office Supplies,Labels,East,Bhubaneswar,7,0.3,719.16,32.68
ORD-0964,2025-09-06,Technology,Laptops,South,Bengaluru,6,0.15,3665.43,372.51
ORD-0965,2025-03-29,Office Supplies,Paper,West,Pune,9,0.0,1119.3,267.42
ORD-0966,2025-05-13,Office Supplies,Binders,North,Jaipur,7,0.2,1445.81,130.15
ORD-0967,2025-09-28,Technology,Printers,North,Delhi,1,0.3,414.23,52.76
ORD-0968,2025-02-18,Furniture,Tables,East,Bhubaneswar,7,0.0,1995.81,172.83
ORD-0969,2025-03-24,Technology,Phones,North,Jaipur,9,0.2,1805.92,49.15
ORD-0970,2025-05-02,Office Supplies,Paper,East,Kolkata,9,0.05,641.3,60.96
ORD-0971,2025-01-13,Furniture,Chairs,West,Mumbai,3,0.15,825.6,137.34
ORD-0972,2025-04-19,Office Supplies,Paper,North,Jaipur,4,0.0,537.54,43.27
ORD-0973,2025-12-31,Technology,Phones,South,Bengaluru,2,0.2,769.33,59.33
ORD-0974,2025-03-30,Furniture,Tables,South,Bengaluru,3,0.15,1102.7,177.48
ORD-0975,2025-11-24,Office Supplies,Paper,North,Jaipur,5,0.0,761.86,124.47
ORD-0976,2025-09-14,Technology,Phones,South,Bengaluru,9,0.05,4119.27,456.15
ORD-0977,2025-07-02,Furniture,Chairs,West,Ahmedabad,3,0.05,461.27,43.17
ORD-0978,2025-12-28,Furniture,Furnishings,East,Bhubaneswar,1,0.15,236.5,29.58
ORD-0979,2025-04-13,Furniture,Chairs,South,Hyderabad,7,0.2,1672.53,154.39
ORD-0980,2025-07-06,Furniture,Furnishings,North,Jaipur,6,0.05,847.63,65.34
ORD-0981,2025-01-17,Technology,Printers,West,Mumbai,5,0.15,2572.43,158.82
ORD-0982,2025-01-31,Office Supplies,Binders,South,Chennai,7,0.05,758.66,133.07
ORD-0983,2025-02-06,Furniture,Chairs,East,Bhubaneswar,7,0.2,2331.22,228.25
ORD-0984,2025-08-19,Office Supplies,Labels,East,Kolkata,7,0.2,646.14,19.92
ORD-0985,2025-08-06,Furniture,Furnishings,East,Bhubaneswar,1,0.3,282.32,1.21
ORD-0986,2025-01-30,Office Supplies,Binders,South,Bengaluru,7,0.3,744.15,74.83
ORD-0987,2025-09-26,Office Supplies,Paper,East,Patna,3,0.15,311.82,11.03
ORD-0988,2025-12-31,Furniture,Bookcases,West,Pune,5,0.0,2606.6,344.21
ORD-0989,2025-04-28,Office Supplies,Labels,East,Kolkata,2,0.1,306.06,30.34
ORD-0990,2025-01-26,Office Supplies,Paper,North,Chandigarh,2,0.15,193.0,21.7
ORD-0991,2025-07-03,Furniture,Furnishings,East,Kolkata,6,0.2,1285.67,118.43
ORD-0992,2025-05-02,Office Supplies,Storage,North,Jaipur,3,0.05,477.63,107.95
ORD-0993,2025-09-30,Office Supplies,Binders,West,Pune,4,0.2,712.76,65.95
ORD-0994,2025-03-30,Furniture,Bookcases,East,Bhubaneswar,1,0.3,253.03,19.7
ORD-0995,2025-09-14,Furniture,Chairs,South,Bengaluru,7,0.2,1859.88,260.84
ORD-0996,2025-12-25,Office Supplies,Binders,East,Patna,6,0.3,854.32,111.54
ORD-0997,2025-07-18,Technology,Phones,East,Patna,3,0.05,1943.06,177.85
ORD-0998,2025-06-18,Technology,Printers,South,Bengaluru,4,0.1,1486.47,209.86
ORD-0999,2025-02-16,Office Supplies,Labels,East,Patna,9,0.15,1059.09,83.55
ORD-1000,2025-08-22,Office Supplies,Labels,North,Delhi,4,0.0,551.75,133.01
